WordA,WordB,AlphaN,Sentence,Form,Percept,Culture,Power,Intense,Icon,Freq,Len,Lapse,*BStress,OverallFreq,RelFreq,GenPref
abandon,fervor,399,"But with Bill O'Connor on the fiddle , and Gran Harrow exuberantly shouting `` Glory Be '' and `` Hallelujah '' above their united chant of the lilting old ballads , they played their quaint folk games with all the fervor and abandon of a real celebration .",0,0,0,0,-1,0,1.462318187,0,0,0,188,0,0.535050352
accessories,aircraft,17,"Examples are in public utilities , * making military aircraft and accessories , or where the investment and risk for a proprietorship would be too great for a much needed project impossible * to achieve by any means other than the corporate form , e.g. * constructing major airports or dams *T*-1 .",0,0,-1,0,0,0,-1.717363611,-1,-2,-1,495,0,0.306826044
acids,tannin,1133,"By tradition , a red wine should be served *-1 at approximately room temperature -- if anything a little cooler -- and be aged *-1 enough for the tannin and acids to have worked out and the sediment have settled well .",1,0,0,0,0,0,3.4416277,0,0,0,68,1,0.637953544
acknowledgment,authentication,72,"In addition to the authentication and acknowledgment procedures which *T*-1 precede and follow the sending of the go messages , again in special codes , each message also contains an `` internal authenticator '' , another specific signal 0 *T*-2 to convince the recipient that he is getting the real thing .",0,0,0,0,0,-1,0.446878581,1,-1,0,0,NA,0.258201198
action,interests,7,"The third type , however , wrenches attention from the life of action and interests in the community and focuses it on the ground of being on which the community depends *T*-1 for its existence .",0,1,0,0,0,-1,0.975343322,1,1,0,648,0.297839506,0.290234188
adaptations,cycles,282,"This life has its own currents and rhythms , its own multiple cycles and adaptations .",0,0,0,0,0,0,-1.278238462,-2,0,0,52,0,0.422013604
adherent,advocate,12,"The second stage is * to retain the nominal classification of `` neutralist '' , while in fact * turning the country into an active advocate and adherent of Soviet policy .",0,0,0,0,0,0,-1.904489115,1,1,0,69,1,0.470438613
ages,pressure,14,"It was partially cemented *-1 by ages and pressure , yet it crumpled before the onslaught of the powerful streams , the force of a thousand fire hoses , and with the gold 0 it held *T*-2 washed down through the long sluices .",0,-1,0,0,0,0,-1.203152356,0,0,0,0,NA,0.416303218
aims,backgrounds,83,They have widely varying backgrounds and aims .,0,0,0,0,0,-1,0.818034124,1,0,0,130,0.361538462,0.251953211
albany,laramie,18,"All through Albany and Laramie counties , other men were doing the same .",0,0,1,0,0,0,2.025221153,0,0,0,157,0.477707006,0.653992702
allegory,expressiveness,375,"In method as well as in theme this little anecdote with its details selected * as much *ICH*-1 for expressiveness and allegory as for `` realism '' , anticipates a kind of musical composition , as well as a kind of fictional composition , in which , as Leverkuhn says , `` there shall be nothing unthematic *T*-2 '' .",0,0,0,0,0,0,1.585790943,-1,1,0,0,NA,0.500332879
amateurs,collectors,22,The knowledge that most Americans have *T*-1 of folklore comes through contact with commercial propagandists and a few energetic amateurs and collectors .,0,0,0,0,0,0,-1.060616555,-1,1,1,577,0.552859619,0.50854518
amber,froth,23,"The Indian 's arm whipped sidewise -- there was a flash of amber and froth , the crash of the bottle shattering against the side of the first car .",0,-1,0,0,0,0,1.528884748,-1,-1,-1,0,NA,0.400762447
ambiguities,fears,395,"In fact , the recent warnings about the use of X-rays have introduced fears and ambiguities of action which *T*-1 now require more detailed understanding , and thus in this instance , science has momentarily aggravated our fears .",0,-1,0,0,-1,0,-2.36696658,-2,-2,-1,44,0,0.300763741
ambiguities,urgencies,1207,"Some painters have less interest in the experience of the moment , with its attendant urgencies and ambiguities , than in * looking beyond the flux of particular impressions to a higher , more serene level of truth .",0,0,0,0,-1,0,2.845267026,0,0,0,0,NA,0.568016048
ambition,poverty,910,"Again , Lawrence thought a little sadly , 0 these were the fees of poverty and ambition .",0,1,0,0,0,0,-0.993118352,1,1,0,354,0.31920904,0.554027362
ambush,death,24,Throughout the land their hit-and-run terrorists spread fear of ambush and death .,0,0,0,0,-1,1,-4.628157978,-1,0,0,232,1,0.678272216
amusement,pride,923,The monitor of this discourse grinned with pride and amusement as Helva 's tone indicated pity for the unfortunate .,0,1,0,0,-1,0,-1.36829206,-1,-1,-1,896,0.416294643,0.447022862
angst,science,1021,"In our present era of Science and Angst , the heart has been downgraded *-1 , * to use one of our popular retrogressive verbs '' .",0,-1,-1,0,0,0,-5.437542643,1,1,1,0,NA,0.302721799
animosity,resistance,972,"From shock and incredulity , most of the listeners went on to open resistance and animosity .",0,-1,0,0,0,0,-3.571440572,-3,-1,0,164,0.475609756,0.305169811
anthropologist,engineer,361,"John , an engineer and anthropologist with a doctorate from the London School of Economics , headed the rural development division of USOM , the United States Operations Mission administering U.S. aid .",0,0,0,-1,0,0,-1.81287799,-2,-2,-1,0,NA,0.316973255
anxiety,hazards,39,"Some recent writings assume that the ignorant young couples are a thing of the remote , Victorian past ; ; that nowadays all honeymooners are thoroughly familiar with the best sex-manuals and know enough *ICH*-1 from talk with friends and personal experimentation * to take all the anxiety and hazards out of the situation .",0,-1,0,0,-1,0,1.513716707,-1,-1,0,0,NA,0.464606132
appliances,cosmetics,40,Our key salesmen are in appliances and cosmetics '' .,0,0,1,0,0,0,0.742571116,-1,-1,0,43,1,0.6161532
apprenticeship,learning,647,"What we need *T*-1 is * to get back to the group , to learning and apprenticeship , to the cafe and the school '' .",0,0,0,0,0,0,-3.496583355,-1,1,1,228,0.425438596,0.450001052
aqueducts,tombs,42,"In her mind 's eye -- her imagination responding fully , almost exhaustingly , to these shores ' peculiar powers of stimulation -- she saw the city as from above , telescoped on its great bare plains that the ruins marked *T*-1 , aqueducts and tombs , here a cypress , there a pine , and all around the low blue hills .",0,1,1,0,0,0,-2.162714968,-2,0,0,167,0.71257485,0.565514467
arrows,crosses,50,Below these particulars was *T*-2 a series of alpha-beta-gammas connected * by arrows and crosses which *T*-1 denoted the lineage of the breed .,0,0,1,0,0,0,0.160833072,0,0,0,143,0.573426573,0.612276492
articulation,establishment,54,A concept of responsibility is in process of articulation and establishment .,0,0,0,0,0,1,-1.968747166,-2,1,0,60,0,0.700825386
aspirations,dignity,61,"*-4 Recognizing that the Rule of Law is `` a dynamic concept which *T*-3 should be employed *-1 not only to safeguard the civil and political rights of the individual in a free society '' , the Congress asserted that it also included the responsibility `` 0 *T*-5 to establish social , economic , educational and cultural conditions under which his legitimate aspirations and dignity may be realized *-2 *T*-6 '' .",0,0,0,0,0,0,-0.866711985,-1,1,0,214,0.514018692,0.44149097
assistant,confidante,62,Each was her mother 's assistant and confidante ; ; and each stood out conspicuously in the family picture .,0,0,0,-1,0,0,4.249586346,1,-1,-1,216,0.62962963,0.51830897
attitude,culture,66,Or does he sincerely want *-1 to tap the real springs of American attitude and culture regardless of how unpopular and embarrassing they may be *T*-2 ? ?,-1,0,0,0,0,0,-0.74490473,-1,1,1,921,0.381107492,0.463922171
attraction,conflict,68,"Into the texture of this tapestry of history and human drama Henrietta , as every artist delights *-1 to do , wove strands of her own intuitive insights into human nature and -- especially in the remarkable story of the attraction and conflict between two so disparate and fervent characters as this pair -- into the relations of men and women : `` In their relations , she was the giver and he the receiver , nay the demander .",0,1,0,0,0,1,-1.688821382,0,0,0,77,1,0.803945926
austerity,denial,71,"Why had not this success come to him before he had plunged into his Discourse , and before he had committed himself to a life of austerity and denial *T*-1 ? ?",1,0,0,0,0,0,-2.181149131,-2,-1,0,221,0,0.469111479
authority,decency,301,"The red-haired captain , towering above the prisoner as a symbol of decency and authority , was shocked *-1 to find himself looking with sympathy upon Philip Spencer .",0,-1,0,1,0,0,3.614663919,0,0,0,70,1,0.593273863
babbiting,doweling,75,"He went down to Mills and Bradley 's Hardware Store and bought a full set of carpenter 's tools , including a rotary power saw and several other pieces of power machinery that Mr. Mills said 0 *T*-2 were essential for babbiting and doweling , whatever they were *T*-1 .",0,0,0,0,0,0,-4.288117911,0,0,0,0,NA,0.404219876
background,dancers,286,"He has designed a matching backdrop and costumes of points of color on white for Mr. Cunningham 's Summerspace , so that dancers and background merge into a shimmering unity .",0,-1,-1,0,0,0,2.201311079,0,1,1,0,NA,0.44860657
bake-oven,well,1241,"After the usual Honorable Sirs , it went on *-2 to say that there had been set off to the widow one full third part of the real estate of the deceased Salu Norberg , one lower room , on the Western side , privileges to the well and bake-oven and to one third of the cellar -LRB- I can show you the cellar when we go up *T*-3 -RRB- , also one Cow Right , and lastly they set off to the widow her own land that she brought *T*-1 with her as dower , namely the Beech Pasture .",0,-1,0,0,0,0,-11.27987729,-2,-1,-1,0,NA,0.148607199
bale,box,88,"Montero had set up a strong position , *-2 using every bale and box 0 we had *T*-1 in addition to barricades of logs and brush .",0,0,-1,0,0,0,-4.171154519,0,0,0,198,0.429292929,0.311628029
balm-of-gilead,rose-of-sharon,997,"In the center of any open space remaining our grandfathers had planted syringa and sweet-shrub , snowball , rose-of-Sharon and balm-of-Gilead .",0,0,0,0,0,0,-0.234150958,0,0,0,0,NA,0.500732119
bankers,friends,437,"A series of conferences with friends and bankers began about this time ; ; and the question before these meetings was , here is *T*-1 a man of international reputation and proved earning power ; ; how can he be financed *-5 so that he can find the work 0 he ought *-3 to do *T*-2 *T*-4 ? ?",0,0,-1,0,0,0,-2.970455955,-1,-1,-1,140,0.5,0.268062246
bankruptcy,death,299,"Mr. Clifton would have preferred death and bankruptcy to *-3 having his son stay with his wife 's people without *-4 contributing to his and his family 's upkeep , and besides that there were the things that *T*-2 had *-5 to be bought *-1 for the baby , milk and orange juice and vitamins and soap , just plain soap .",0,0,0,0,-1,0,-3.065412833,-2,-2,-1,636,0.731132075,0.339948147
barnyard,coop,254,"The events of the last quarter of an hour , mysterious to any bird accustomed * only to the predictable life of coop and barnyard , had overcome the doctor 's hen and she gave out a series of cackly wails , *-1 perhaps mourning her nest , but briefly enjoyed .",1,0,-1,0,0,0,-0.674700171,-1,0,0,0,NA,0.412259182
barriers,stakes,1098,"The chevaux de frise , those sharp stakes and barriers around the fort at the Battery , pointed to a conflict between the town and sea power rolling in glassy swells as the tide came in .",0,0,0,0,-1,0,1.009433722,-2,-2,-1,0,NA,0.432742342
beech,horse-chestnut,98,But the shelter is as much a part of my landscape as the beech and horse-chestnut trees that *T*-1 grow on the ridge .,0,0,1,0,0,0,3.655338062,2,1,1,0,NA,0.773801387
beginnings,greetings,481,"All about me there was a hectic interplay of meetings taking place , like abrupt , jerky scenes in old silent movies , joyous greetings and beginnings , huggings and kissings , enthusiastic forays into the festive night .",0,-1,0,0,0,0,1.039162802,0,0,0,0,NA,0.469590794
bellboy,chambermaid,101,* Interview the bellboy and chambermaid who *T*-1 waited on Beauclerk .,0,0,0,1,0,0,-0.921400324,1,2,1,0,NA,0.609859377
belmont,saratoga,103,"During the summer he had tried *-1 to repair some of his losses at the track , and the bare trees reminded him that his pari-mutuel tickets would still be lying , like leaves , in the gutters near Belmont and Saratoga .",0,0,0,0,0,0,0.308104783,2,1,1,173,0.664739884,0.620415866
belts,slings,105,Cautious feet stepping on leafmold ; ; faint creaking of belts and slings ; ; whispers : he heard none of these .,0,0,1,0,0,0,2.039916294,0,0,0,48,1,0.654313224
benefactor,sponsor,1092,"Eleazar Wheelock , a Presbyterian minister , founded the school in 1769 , *-1 naming it after the second earl of Dartmouth , its sponsor and benefactor .",0,0,0,0,0,0,-1.127572556,-2,0,0,108,0,0.425560625
beneficence,slaughter,1070,"Red man or white man , pacifist or killer , the forest would accept them all -- *-1 knowing that it could thrive equally well on slaughter and beneficence ; ; knowing that its ageless mass would always dwarf the short span of time allotted * to any man .",0,1,0,0,-1,0,-1.941967029,-1,-1,0,0,NA,0.504994046
berries,gardens,453,"Chiggers were a common pest along streams and where gardens and berries thrived *T*-1 ; ; *-2 so small as *-3 to be scarcely visible to the eye , they buried themselves in the victim 's flesh .",-1,0,-1,0,0,0,-1.304484289,0,0,0,0,NA,0.326220604
bicep,forearm,424,"He was on the thin side , with big hands , and the kind of wrists that *T*-1 give away the power in forearm and bicep .",0,1,0,0,0,-1,-3.432035414,0,-1,-1,310,0.480645161,0.171049105
birmingham,macon,694,"He had preached a short sermon , *-2 trying *-3 to talk man-to-man to the audience , * to tell them who he was *T*-4 , what he had done *T*-1 in Macon and Birmingham , and what he proposed *-6 to do *T*-5 here .",0,-1,1,0,0,0,0.981190781,-1,1,1,227,0,0.598553429
bitterness,youth,1279,* Seeing the man 0 he blamed *T*-1 for this made much of *-2 -- youth and bitterness and -- Bill picked up the telephone ; ; got Mullins .,0,-1,0,0,1,0,-2.157002445,-2,-2,-1,0,NA,0.316194516
blades,toughs,1176,"Above , in the tiled prosceniums of the alcoves , boys sing the ghazals of Hafiz and Saadi , while at the very bottom , in the vaults , the toughs and blades of the city hoot and bang their drums , drink arak , play dice , and dance .",-1,0,0,0,0,0,3.603069001,0,0,0,0,NA,0.540831106
bleats,rasps,956,"Cardboard noisemakers , substitutes for the unavailable tin models , were being hawked and bought *-1 at makeshift stands every few yards along Broadway , and one 's ears were continually serenaded *-2 by the horns ' rasps and bleats .",0,0,0,0,1,0,-0.553109399,0,0,0,0,NA,0.499557605
bleedings,pills,884,Prieur has gout and depends on Louis ' pills and bleedings .,0,-1,0,0,0,0,-4.233323406,-1,-1,-1,0,NA,0.277314635
boards,two-by-fours,118,"Mr. Mills had done some figuring on a scrap of paper and given him the various kinds of boards and two-by-fours which , *-3 properly handled *-2 *T*-1 , would , he had assured him 0 *T*-4 , turn into a workbench .",1,0,0,0,0,0,5.761826971,2,1,1,0,NA,0.773168393
bourbons,liberals,660,The nature of the opposition between liberals and Bourbons is too little understood *-1 in the North .,0,-1,0,0,0,0,-2.366252055,1,1,0,0,NA,0.398821677
boy,mount,133,"For a moment , boy and mount hung in midair .",0,1,0,1,0,0,1.410723309,0,0,0,0,NA,0.659257143
cabins,soddies,159,"The company herds were being raided *-1 less often , and cabins and soddies all over the range were standing *-2 deserted *-3 .",0,0,1,0,0,0,5.99004744,0,0,0,0,NA,0.734755061
cables,communiques,160,"Then epistolatory me was a foreign correspondent dispatching exciting cables and communiques , full of dash and wit and glamor , quoting from the books 0 I read *T*-2 , imitating the grand styles of the authors recommended * by a teacher in whose special , after-school class I was enrolled *-1 *T*-3 .",0,0,0,0,0,0,3.16595884,1,-1,-1,0,NA,0.554729049
cakes,comfort,161,The excitement over Brandon 's bizarre death abated and Madame Lalaurie 's stock soared when she resumed her self-imposed chores of * visiting the poor and bringing cakes and comfort to destitute patients in the county hospital *T*-1 .,0,1,0,0,0,0,-1.676812081,1,1,1,0,NA,0.608028681
calmness,detachment,164,The calmness and detachment of his tone suggested unawareness of how implicit was *T*-2 his own guilt in the words 0 he had used *T*-1 * to defend Cromwell .,0,1,0,0,0,0,-1.613336786,0,0,0,210,1,0.529325556
calumny,spite,1091,"Here he was *T*-1 , *-2 suddenly caught up in the delirium of a war , in the spite and calumny of Whigs and Tories .",0,1,0,0,0,0,-3.930054186,-2,-2,-1,65,1,0.383821953
capture,isolation,604,"The Kremlin 's goal is the isolation and capture , not of Ghana , but of the United States -- and this purpose may be served *-1 very well by countries that *T*-2 masquerade under a `` neutralist '' mask , yet in fact are dependable auxiliaries of the Soviet Foreign Office .",0,0,0,0,0,-1,0.081341781,2,0,0,121,0.421487603,0.259060818
career,wanderings,170,"Die Frist ist um , und wiederum verstrichen sind sieben Jahr , the Maestro quoted The Flying Dutchman , as he told of his career and wanderings , *-1 explaining that the number seven had significantly recurred in his life several times .",0,0,1,0,0,0,3.49916794,2,2,1,0,NA,0.758812371
carpet,tile,1160,"The architects , the tile and carpet makers , the potters , painters , calligraphers , and metalsmiths worked through Abbas 's reign and those of his successors * to enrich the city .",0,0,0,0,0,0,0.25448255,-1,-1,-1,820,0.492682927,0.431022996
case,hen,528,"*-1 Startled *-2 , he jumped up * to pull hen and case out of view , and Alex went to the door .",0,-1,0,0,0,0,4.030823622,0,0,0,0,NA,0.541563262
catholics,non-catholics,174,The second step is * to recognize the substantial agreement -- frequently blurred * by emotionalism and inaccurate newspaper reporting -- already existing between Catholics and Non-Catholics concerning the over-all objectives of family planning .,1,0,0,0,0,0,4.027447605,0,0,0,0,NA,0.650894084
ceremonies,exhortations,372,We perform elaborate international exhortations and ceremonies with virtually no understanding of social cause and effect .,0,0,0,0,0,0,2.231606832,0,0,0,0,NA,0.559874099
chair,floor,182,It sometimes ended in death-like trances with many lying *-1 exhausted and panting on chair and floor .,0,1,0,0,0,0,-0.51171562,0,0,0,693,0.711399711,0.555679076
chambermaid,patronne,184,The clocks struck seven-thirty as they approached the hotel entrance ; ; and hopes that the chambermaid and patronne would still be abed began *-1 to rise in Alex 's well exercised breast .,0,0,0,-1,0,0,2.687167388,-1,-1,0,0,NA,0.498461703
charters,contracts,249,In 1817 the lawyers were generally debating the legal inviolability of private contracts and charters .,0,0,-1,0,0,0,-2.106334764,0,-1,-1,401,0.620947631,0.307299243
cherries,pineapple,887,"He described the ham decorated * with pineapple and cherries , cooling on the porch .",0,0,0,0,0,0,-0.20257945,1,0,0,878,0.54214123,0.528559603
childhood,hobo,542,"After he had finished the first two volumes of his Lincoln , Sandburg went *-2 to work *-3 assembling a book of songs out of hobo and childhood days and from the memory of songs 0 others had taught him *T*-1 .",0,0,1,0,0,0,4.120465867,0,1,1,0,NA,0.742301143
choir,glee-club,468,At different times he served as glee-club and choir leader and as organist .,0,0,0,0,0,0,7.189373419,0,0,0,0,NA,0.672304649
choosing,pace,846,"Until now , Lilac Gaylor and Lila Kingsley had been like an anagram which he could unscramble *T*-1 at his own pace and choosing .",0,0,0,0,0,0,-0.154533392,-1,-1,-1,0,NA,0.421379828
chorus,verses,194,"Each song or ditty was prefaced *-1 by an author 's note which *T*-2 indicated the origin and meaning of the song as well as special interest 0 the song had *T*-3 , musical arrangement , and most of the chorus and verses .",0,1,1,0,0,0,-0.104807571,0,0,0,532,0.148496241,0.663461087
clarification,reexamination,964,"The enormous changes in world politics have , however , thrown it into confusion , so much so that it *EXP*-1 is safe * to say that all international law is now in need of reexamination and clarification in light of the social conditions of the present era . -RRB-",0,0,0,0,0,-1,1.575015626,-1,0,0,72,0,0.225827529
clarity,flavor,202,A few months ago it was a fairly typical landlord who in the dead of night *T*-1 lugged me up a mountainside * to drink from a spring famous in the neighborhood for its clarity and flavor .,0,0,1,0,0,0,-0.098523773,-1,-1,0,104,0.509615385,0.596803176
clash,meeting,204,"There was too little occasion beforehand for resistance , the brave strong delights of emotional clash and meeting .",-1,0,0,0,1,0,-3.115277964,1,1,1,60,0,0.467482121
classicist,mathematician,718,"She is not only a trained mathematician and Classicist , but a good architect .",0,0,-1,0,0,0,-2.109342871,2,-1,0,0,NA,0.42353137
classifications,probings,926,"To both the amateur and the commercial progandist the analyst *ICH*-2 lacks a soul , lacks appreciation with his endless probings and classifications .",0,0,0,0,0,-1,4.063776067,-3,0,0,0,NA,0.229902106
clergymen,parishioners,207,"`` I should say 0 it is the turning of courts of law into veritable theatres for sex dramas , involving clergymen and parishioners , psychiatrists and patients .",0,0,0,1,0,0,0.370912948,0,2,1,104,1,0.613707101
clerk,cook,252,One of his innovations was * to see to it that every man -- cook and clerk as well as rifleman -- qualified with every weapon in the troop .,0,0,-1,0,0,0,-0.449370095,0,0,0,65,1,0.393242323
clerks,postmasters,208,Clerks and postmasters *ICH*-2 shoveled muck out of their offices -- those who *T*-1 still had offices -- and wondered how * to move the mail *T*-3 .,0,0,0,-1,0,0,3.047628704,2,1,1,247,0.263157895,0.623499786
clothes,haircut,211,"He disliked Garth on sight , conservative clothes and haircut , smile a shade too earnestly boyish for a man who *T*-3 must be well into his thirties , handclasp too consciously quick and firm .",0,-1,0,0,0,0,3.74852347,1,0,0,472,0.572033898,0.561637829
clothes,spoilables,212,He drew a long breath and opened the trunk and hung out her clothes and spoilables upon the wagon ribs .,0,0,0,0,0,0,12.46501004,2,2,1,0,NA,0.831274862
clothing,decorations,213,"This set his tone : richness of texture and color , and another kind of richness as well , for his clothing and decorations would have paid the Brush-off 's rent for a year .",0,0,1,0,0,0,1.926532223,2,0,0,327,0.877675841,0.699286598
clothing,physiognomy,214,"His name is Praisegod Piepsam , and he is rather fully described *-1 as to his clothing and physiognomy in a way which *T*-2 relates him to a sinister type in the author 's repertory -- he is a forerunner of those enigmatic strangers in `` Death In Venice '' *ICH*-4 , for example , who *T*-3 represent some combination of cadaver , exotic , and psychopomp .",0,-1,-1,0,0,0,3.464890163,3,1,0,0,NA,0.488176987
cologne,munich,786,"He will conduct two concerts *ICH*-1 at the Accademia Di Santa Cecilia , as well as concerts in Munich and Cologne .",0,-1,0,0,0,0,-0.789842175,1,1,1,862,0.547563805,0.507398284
community,customers,279,"Proprietorships can establish a meaningful identity , representing a human personality , and thus establish sincere relationships with customers and community .",0,-1,-1,0,0,0,1.637347274,0,0,0,502,0.217131474,0.382252315
competence,willingness,233,"Men continuously at the head of growing enterprises can acquire experiences of the most varied , complicated and trying type so that at maturation they have developed the competence and willingness * to accept the personal responsibility so sorely needed * now .",0,0,0,1,0,0,0.014373216,0,0,0,824,0.672330097,0.569028564
composure,tranquility,1184,From the time 0 he had been at college *T*-2 he had achieved a certain tranquility and composure by * accepting the fact that there were certain things 0 he could never know *T*-1 .,0,0,0,0,0,0,0.589183507,1,1,0,202,0.628712871,0.530469766
concern,inquiry,237,"A characteristic expression of such concern and inquiry is found *-1 in Joseph P. Lyford 's Introduction To The Agreeable Autocracies , a recent paperback study of the institutions of modern democratic society .",0,0,0,0,0,0,0.954852694,2,2,1,633,0.317535545,0.61892792
confession,rules,238,"Refugees poured in , *-1 signing the Confession and rules in order * to remain , and then disregarding them .",0,0,0,1,0,0,-2.122443251,-1,-1,-1,0,NA,0.436387409
contemplation,delight,245,During the rest of the summer my scholarly mania for making plaster casts and spatter prints of Catskill flowers and leaves was all but surpassed *-1 by the constantly renewed impressions of Jessica that my mind served *T*-2 up to me for contemplation and delight .,0,-1,0,0,0,0,-1.149254759,-3,-1,-1,195,0.774358974,0.29374408
contortion,scream,1028,"With shout and slow dance , with tears and song , with scream and contortion , the corner group was beset *-1 by hysteria and shivering , wailing , shouting , possession of something that *T*-2 seemed like an alien and outside force .",0,-1,0,0,0,0,-4.059174429,-1,-1,-1,0,NA,0.280692013
control,needs,250,"Thus , if corporations are not * to run away with us , they must become quasi-governmental institutions , subject to public control and needs .",0,0,0,1,0,0,0.771950509,0,0,0,866,0.591224018,0.586842238
costume,decor,257,Mr. Nikolais has made a distinctive contribution to the arts of costume and decor .,0,1,0,0,0,0,1.132463783,-1,-1,-1,839,0.661501788,0.51360725
courage,virility,263,"Something in the back of his mind was aware that the magnificence of the plan lay in his faith , that the idea would work because he believed in it , since his courage and virility were involved *-1 , because it was truly his .",0,0,0,-1,0,0,3.593663428,1,1,0,757,0.541611625,0.540086438
courthouse,square,264,"Whoever it was *T*-2 had meant *-3 to shut him up in here , had followed him and waited till the courthouse and square were deserted *-1 .",0,1,-1,0,0,0,-2.98615009,-1,0,0,181,0.447513812,0.368376328
cover,pillows,265,"The daybed 0 Eugene had slept in *T*-1 , made up now with its dark-brown velours cover and pillows .",0,1,0,0,0,0,3.178732029,0,0,0,236,0.627118644,0.640938141
coverings,veils,266,"In particular he sought the gentle , sweet-faced nuns , with head coverings and veils coming to the middle of their foreheads , *-1 remembering their expressions until he reached home and set them down on paper .",1,0,0,0,0,0,0.075195629,-2,-2,-1,267,0.239700375,0.468665172
covers,towels,267,"Table covers and towels were clean , ashtrays empty and supplied *-3 with fresh matches .",0,0,1,0,0,0,1.846944439,0,0,0,119,0.647058824,0.650093164
cowboy,rancher,952,"For Tom Horn , it turned out 0 *T*-1 , had a number of rancher and cowboy witnesses ready and willing * to swear with straight faces that he had been in Bates Hole the day of the killing .",0,0,0,0,0,0,1.463682008,0,1,1,537,0.65735568,0.595305243
criminality,madness,272,The Final Solution proved that the Jew-baiter of any variety exposes himself as *-2 being implicated *-1 in the criminality and madness of others .,0,0,0,0,1,0,-1.643559662,-3,-1,0,250,0.396,0.41013553
crisis,destruction,273,"A dead armadillo , the sole occupant of the stage , symbolizes the crisis and destruction of the Old Order .",0,0,0,0,0,1,0.252500252,0,0,0,83,1,0.794265003
cry,rustle,1004,"They were covered *-1 with tiny white blossoms , their scant roots clawing at the stony ground , and wild birds darted in and about and through them so they were nearly alive with the rustle and cry .",0,0,0,0,1,0,3.248747518,1,1,1,0,NA,0.666518784
curiosity,foreboding,277,"Kate tried *-3 to contain her curiosity and foreboding at what the letter portended *T*-2 , at what involvement *T*-1 existed for Juanita .",0,1,0,0,0,0,2.510798168,-3,-1,0,98,1,0.564276703
currents,rhythms,278,"This life has its own currents and rhythms , its own multiple cycles and adaptations .",0,0,0,0,0,0,1.048330121,0,0,0,44,1,0.531600803
dancer,property,285,From this being come *T*-2 new movement ideas that *T*-1 utilize dancer and property as a single unit .,0,1,0,0,0,0,-3.452690519,1,1,0,0,NA,0.49495772
dancers,guests,287,"Anita put out the remaining candles with a long snuffer , and in the smell of scented candlewick , the comforting awareness of each other 's bodies , the retained pattern of dancers and guests remembered * , their minds grew numb and then empty of images .",0,0,1,0,0,0,-1.271974118,-1,-1,-1,144,0.625,0.497759809
danger,nuisance,828,"And Mr. Skyros did n't like Angie , but what with Prettyman and three of his boys inside , and not likely *-1 to come out -- And Angie such a valuable salesman , Prettyman said *T*-2 -- All the nuisance and danger of * getting in touch with practically a whole new bunch of boys -- Why did everything have *-3 to happen at once *T*-4 ? ?",0,0,0,0,1,0,2.48341061,0,0,0,499,0.248496994,0.572236033
defeat,misfortune,752,"Almost nothing is said *-1 of Charles ' spectacular victories , the central theme being the heroic loyalty of the Swedish people to their idolized king in misfortune and defeat .",-1,0,0,0,1,0,1.2716706,1,1,1,606,0.361386139,0.572654176
delirium,illness,578,The story ends in the child 's illness and delirium 0 *T*-1 brought on by the feverish compulsion * to ride his horse * to win for his mother .,0,0,0,0,0,-1,-2.394543726,-1,-1,0,235,0,0.17565599
denial,ignorance,577,"*-3 Having persisted too long in deliberate ignorance and denial of the forces that *T*-2 threatened her , Pamela was relieved *ICH*-1 now *-3 to admit their potency and to be taking definite steps toward * grappling with them .",0,1,0,0,0,0,-0.273250345,1,1,0,960,0.264583333,0.571104433
denials,sacrifices,1005,"Prosperity is a worthy objective ; ; but if * providing higher standards of living gets in the way of * producing sufficient guns * to resist Communist aggression , then material sacrifices and denials will have *-2 to be made *-1 .",1,0,0,0,-1,0,-1.951746359,2,0,0,214,0.654205607,0.559035536
derelicts,outcasts,304,"Nymphomaniacs , junkies , homosexuals , drug addicts , lesbians , alcoholics , the weak , the frustrated , the irresolute , the despairing , the derelicts and outcasts of society .",0,0,0,0,-1,0,-1.462920982,-1,0,0,133,0.466165414,0.437828444
design,outline,305,"He rummaged , found composers and arrangers , collaborated on the main design and outline of harmonization with musicians , ballad singers , and musicologists .",0,0,0,0,0,1,1.803691496,1,0,0,446,0.47309417,0.833240343
desire,response,307,And an additional factor *ICH*-2 was helping *-1 to make women more sexually self-assertive -- the comparatively recent discovery of the true depths of female desire and response .,0,0,0,0,0,1,-0.377006395,-1,-1,-1,702,0.793447293,0.723606424
desire,wishing,1259,"Now she could let out the three parakeets without fear 0 they would be stepped on *-1 or that Stowey would let them out one of the doors ; ; she could dust the plants , then break off suddenly and pick up an old novel and read from the middle on ; ; improvise cha-chas on the harp ; ; and finally , the best part of all , simply sit at the plank table in the kitchen with a bottle of wine and the newspapers , * reading the ads as well as the news , registering nothing *ICH*-2 on her mind but * letting her soul suspend itself above all wishing and desire .",0,0,0,0,1,0,2.328320804,0,0,0,158,0.424050633,0.56857213
dialects,localisms,314,The effects of television and other mass media are erasing regional dialects and localisms with a startling force .,1,0,0,0,0,0,4.709179542,1,3,1,0,NA,0.706631696
diamonds,mink,750,"*-1 Clad in mink and diamonds , she listened to Assistant District Attorney Anthony Liebler describe her to the arraigning judge : `` This girl is the Golden Girl of cafe society .",0,-1,-1,1,0,0,1.351073066,-1,-1,-1,422,0.398104265,0.357940425
diffidence,gentleness,460,"He was a huge young man of twenty-four , clothed *-3 in muscle , immensely strong , with a habitual gentleness and diffidence of manner that *T*-2 was submerged *-1 under his present agitation .",0,0,0,0,0,0,-1.470855618,0,0,0,24,1,0.47095731
direction,moment,759,"Mickey 's eyes fixed on the other 's feet , which *T*-1 would first betray the moment and direction of an attack .",0,0,0,0,0,0,-0.416638004,0,0,0,181,0.447513812,0.496333811
directness,truth,1192,"He knew her mind *ICH*-1 pretty well , by now , its quick perceptions and sympathies , its painful insistence on truth and directness , its capacity for love almost too deep 0 for a man to reciprocate *T*-2 , even in part .",0,0,-1,0,0,0,-4.541941474,-1,-1,-1,390,0.594871795,0.239398054
disarray,impasse,580,"Harold Clurman is right * to say that `` Waiting For Godot '' is a reflection -LRB- he calls it a distorted reflection -RRB- `` of the impasse and disarray of Europe 's present politics , ethic , and common way of life '' .",0,-1,0,0,0,0,-0.402161034,-1,0,0,0,NA,0.408750016
disasters,sufferings,1115,"Again , the sufferings and disasters produced * by any transgression against the commandment * not to love are almost invariably associated *-1 in one way or another with childhood , with the figure of a child .",0,-1,0,0,0,0,-0.227939153,1,1,0,552,0.416666667,0.449120863
discs,necklaces,322,"Hal , the linguist , saw the glittering discs and necklaces in terms of the languages spoken * therein .",0,0,1,0,0,0,1.224754584,2,2,1,0,NA,0.716446787
disrespect,misunderstanding,326,"Here Wright gave a slight sigh of weariness , and continued , `` It means more long years lived * across the social grain of the life of our people , * making shift *-1 to live in the face of popular disrespect and misunderstanding as I best can * for myself and those dependent upon me '' .",0,0,0,0,1,0,-1.205412347,2,1,1,55,0,0.591809013
distinction,fact,327,The very nature of a choice so grounded * in distinction and fact leads to the valid convictions which *T*-1 become force of will in the manifest leader .,0,-1,0,0,0,0,-2.100678029,-1,-1,-1,0,NA,0.320339114
distinction,tone,1166,"As for this rider , I never saw him before or afterwards and never saw him dismounted , so whether he stood tall or short in his shoes , I ca n't say ; ; but I do know that he gave the day tone and distinction .",0,0,0,0,1,-1,-0.185202975,-1,-1,-1,127,0,0.168681901
doctors,president,329,Any attempt * to reconcile this statement of the central issue in the campaign of 1956 with the nature of the man who *T*-1 could not conceive it as the central issue will at least resolve our confusions about the chaotic and misleading results of the earnestness of both doctors and President in a situation which *T*-2 should never have arisen .,0,0,0,-1,0,0,-2.07089782,1,1,0,0,NA,0.404818582
dogs,grandchildren,330,I think that my grandmother was not an impassioned gardener : she was too indulgent a lover of dogs and grandchildren .,0,-1,0,0,0,0,1.72033405,2,1,1,98,0.459183673,0.593870911
door,sill,1061,"The birds were really awake now in a colloquy of music , and light was beginning *-1 to creep across the room , *-2 touching sill and door , table and chair and all of Doaty 's flowers in their artificial blossom and leaf .",0,0,1,0,0,0,4.139440482,0,0,0,261,0.670498084,0.698563623
drawing,models,337,Drawing and models were his thinking .,0,0,0,0,0,1,-0.142016213,0,0,0,191,0.19895288,0.787980164
dregs,wine,1255,"For , in the process of * decanting , the bottle is only tilted *-1 once instead of several or more times at the table : hence , a minimum of the undesirable mixture of wine and dregs .",0,0,-1,0,0,0,-3.991525021,0,0,0,0,NA,0.315355083
dryness,dust,341,"He spoke of the season of dryness and dust , brought * by the monsoon from the northeast , in harmony with the season of rain and mud , brought * by the monsoon from the southwest .",0,0,0,0,0,1,-2.625784994,-1,-1,-1,433,0.383371824,0.678223139
eggs,poark,352,I eat too much eggs and poark .,0,0,0,0,0,0,10.21892675,0,0,0,0,NA,0.733158121
elmira,oberlin,832,"Lucy Upton was graduated *-1 from the Salem High School when few colleges , only Oberlin and Elmira , were open to women *T*-4 ; ; and she had an appetite for learning that *T*-3 could not be denied *-2 .",0,1,-1,0,0,0,-0.357879947,1,1,0,0,NA,0.465633462
emeralds,peanuts,872,"Conclusions : The people involved -LRB- and subsequent facts bear me out here -RRB- knew clearly the relative values of peanuts and emeralds , both monetary and sentimental .",0,0,-1,1,0,0,-1.214439984,-1,-2,-1,0,NA,0.373902007
employees,proprietors,359,"Strikes *ICH*-1 should be declared *-4 illegal against corporations because disagreements would have *-2 to be settled *-5 by government representatives acting as controllers of the corporation whose responsibility to the state *T*-7 would now be defined *-6 against proprietorship because employees and proprietors must be completely interdependent , as they are each a part of the whole .",0,0,0,-1,0,0,2.71699894,1,1,0,689,0.301886792,0.519033746
envelope,pencil,876,When she came back *T*-1 Eugenia was sitting at the kitchen table with a pencil and envelope *-2 jotting down words and figures .,0,0,-1,0,0,0,-0.093486882,-1,1,1,347,0.567723343,0.428381374
envy,hurt,565,"And those of Early Spring , haunted and now full of hurt and envy .",0,0,0,0,0,0,-1.514637064,-1,-1,-1,124,0.556451613,0.38977963
equality,relativism,967,Relativism and equality are its characteristic diseases .,0,0,1,0,0,0,2.614731544,2,-1,0,0,NA,0.726893501
equipment,musket,793,"They had stripped him of his musket and equipment , and now they were pulling his boots and jacket off .",0,0,-1,0,0,0,3.732615786,0,0,0,0,NA,0.492370581
everything,politics,906,Those O'Dwyers had that Irish clannishness that *T*-1 made them stick together in spite of politics and everything .,1,0,0,0,0,0,0.550925342,0,0,0,856,0,0.571457838
exasperation,love,689,"`` Darling '' -- she said *T*-1 , and the single word mingled love and exasperation in an equal blend .",0,-1,0,0,0,0,-5.269607003,-4,-1,-1,235,0.225531915,0.200543534
farms,hayfields,385,"A fringe of housing and gardens bearded the top of the heights , and behind it were *T*-1 sandy roads leading past farms and hayfields .",0,0,1,0,0,0,5.674305528,1,0,0,0,NA,0.749666343
farms,mountains,779,"Still painting , still a kind of modern impressionist , beautiful canvases of mountains and farms .",0,0,0,0,0,0,-1.000948237,1,1,1,372,0.564516129,0.563829305
fear,ritual,984,There are many domains in which understanding has brought about widespread and quite appropriate reduction in ritual and fear *T*-1 .,0,-1,0,0,0,0,1.596975416,2,2,1,0,NA,0.574303613
felons,fixers,398,When Mayor Dever heard of the banquet *T*-1 he summoned Hughes for an explanation of why he had been dishonouring the police department by *-2 consorting with these felons and fixers *T*-3 .,0,0,0,0,1,0,1.660965088,0,0,0,0,NA,0.552725346
fishermen,scientists,1025,Scientists and fishermen have occasionally seen strange by-products of the phenomenon .,0,0,0,-1,0,0,-1.6614522,0,0,0,453,0.560706402,0.404758348
fishers,mooncursers,407,"On the shores north and south , the fishers and mooncursers -- smugglers -- lived along the churning Great South Bay and the narrow barrier of sand , Fire Island .",0,1,0,0,0,0,12.46021474,1,1,0,0,NA,0.819651245
flappers,heroes,534,"Unlike the heroes and flappers of the lost generation , they disdain the art of `` necking '' and `` petting '' .",0,0,0,-1,0,0,-4.501665235,0,0,0,0,NA,0.340851727
flirtation,romance,994,There will be romance and flirtation .,-1,0,0,0,0,0,-2.966267189,0,0,0,145,0.682758621,0.38469722
force,voice,1221,And I select this sentence as its pertinent summation : `` in essence the drama of his -LRB- Eisenhower 's -RRB- Presidency can be described *-1 as the ordeal of a nation turned conservative and struggling -- thus far with but limited and precarious success -- * to give effective voice and force to that conservatism '' .,0,0,0,1,0,0,0.224112912,0,0,0,508,0.18503937,0.57398036
foresight,patriotism,427,"Heywood Broun wrote : `` Belle Poitrine is the most original thinker since Caligula '' , and even F.D.R. had *-1 to concede that `` if the rest of this nation showed the foresight and patriotism of Miss Poitrine , America would rapidly resemble ancient Babylon and Nineveh '' .",0,0,-1,0,0,0,-0.919438769,3,1,1,287,0.515679443,0.516362817
form,mess,738,Then he began *-1 to speak about the tension in art between the mess and form .,0,0,0,0,0,0,3.536626061,0,0,0,0,NA,0.590605113
freedom,israel,605,"For many immigrants , for many children , the first thing *ICH*-2 0 they knew *T*-1 of Israel and freedom was your mother .",0,0,-1,0,0,0,0.542860025,1,1,0,62,0,0.425968585
friends,tenants,440,"You have your paper horn clutched *-1 in your big , craggy fist , and for your entrance you have planned a noisy , colorful and exuberant greeting to your friends and tenants .",0,0,1,0,0,0,2.852664126,1,1,1,790,0.62278481,0.739645286
fuchsia,rose,444,"The azaleas were as large as shrubs , and their myriad blooms , many still tight in the bud , ranged in color from purple through fuchsia and rose to the palest pink , along with many white ones too .",0,-1,0,0,0,1,-5.517349762,-1,-1,-1,54,0,0.554623199
fur,wildcat,1250,"She is well-educated and refined , all wildcat and fur , and Union from the muzzle to the crupper '' .",-1,0,0,0,0,0,2.923342967,1,0,0,0,NA,0.55145407
furs,merchandise,736,"Accordingly , though the practice violated the no-trading provision of the Selkirk charter which *T*-1 reserved all such activity in merchandise and furs to the Hudson 's Bay Company , some settlers went into trade .",-1,0,0,0,0,0,-1.377446203,2,0,0,464,0.663793103,0.475095847
futility,solipsism,1080,We need a doctrine of imitation 0 *T*-1 to save us from the solipsism and futility of pure formalism .,0,-1,0,0,0,0,2.102535779,1,-1,0,0,NA,0.539365598
gadgets,prowess,931,"In fact , insofar as science generates any fear , it stems not so much from scientific prowess and gadgets but from the fact that new unanswered questions *ICH*-5 arise , which , until they are understood *-6 , *T*-1 create uncertainty .",0,1,0,-1,0,0,-0.967358565,0,0,0,0,NA,0.482186356
garden,livestock,684,A pond may provide adequate water for livestock and garden .,0,-1,0,0,0,0,1.971535484,0,-1,-1,476,0.659663866,0.437522533
garden,pavilion,867,"On Fridays , the day when many Persians relax with poetry , talk , and a samovar , *T*-2 people do not , it is true , stream into Chehel Sotun -- a pavilion and garden built * by Shah Abbas 2 , in the seventeenth century -- but they do retire into hundreds of pavilions throughout the city and up the river valley , which *T*-1 are smaller , more humble copies of the former .",0,0,-1,0,0,0,2.944781145,0,0,0,325,0.430769231,0.47340641
gardens,housing,556,"A fringe of housing and gardens bearded the top of the heights , and behind it were *T*-1 sandy roads leading past farms and hayfields .",0,0,-1,0,0,0,-0.754625685,0,0,0,61,0,0.386242845
gardens,riverbanks,454,"Nonetheless , they take time *ICH*-1 out -- much time -- from the game of grab and these new Western experiments * to go to the gardens and riverbanks .",0,1,0,0,0,0,4.542751605,1,1,0,0,NA,0.679324078
gasps,rushes,1002,"The search began , in all the rooms , * running upstairs , down , * opening closets , * talking , exclaiming in rushes and gasps .",0,0,-1,0,0,0,-1.239203298,1,1,1,0,NA,0.454591721
gassings,skull-bashings,1066,Ought not an edifying Trial have made every effort * to demonstrate this once and for all by *-2 showing how representative types of `` mere '' anti-Semites were drawn *-1 step by step into the program of skull-bashings and gassings ? ?,0,-1,0,0,-1,0,8.649273532,1,1,0,0,NA,0.651484797
gentility,principle,459,A life of gentility and principle such as Cousin Elec had lived had *-2 to be known *-1 at first hand .,0,0,0,0,-1,0,-4.816653823,0,0,0,0,NA,0.385819029
gibes,quibs,941,"With quibs and gibes , the policemen again started *-1 digging .",0,0,0,0,0,0,5.395117632,0,0,0,0,NA,0.63312433
gift,heritage,465,"One is the primary purpose for which marriage exists *T*-1 , namely , the continuance of the race through the gift and heritage of children ; ; the other is the paramount importance in married life of deliberate and thoughtful self-control '' .",0,0,0,0,0,0,0.980400363,2,2,1,516,0.509689922,0.619508673
glance,signal,467,"Spencer 's potential followers were openly sullen and morose , *-2 missing muster without excuse , expressing in ominous tones their displeasure at the prisoners being kept *-1 in irons , communicating with the three by glance and signal .",0,1,0,0,0,0,-0.880316824,1,1,1,0,NA,0.626170559
goodnight,lullaby,692,`` Lullaby and goodnight . '',0,0,0,0,0,-1,0.483289415,1,0,0,226,0,0.245919529
gossip,truth,1193,She soared over the new pastor like an avenging angel lest he stray from the path and not know all the truth and gossip of which she was chief repository *T*-1 .,0,-1,0,0,0,0,-2.900920736,-1,-1,-1,63,0,0.303779384
graces,manners,708,"Her hair was dyed *-1 , and her bloom was fading , and she must have been crowding forty , but she seemed *-3 to be one of those women who *T*-2 cling to the manners and graces of a pretty child of eight .",0,0,0,0,0,0,-1.548366386,0,0,0,783,0.459770115,0.469095831
grandfather,great-grandfather,478,Each boy opened his small mouth *-1 wide and rocked back and forth on the bench in the way 0 his grandfather and great-grandfather had studied and prayed in the ghettos of Europe *T*-2 .,1,0,0,-1,0,1,2.823920391,1,0,0,0,NA,0.840949836
greed,pettiness,880,"Yes , I had cried out that I knew 0 she 'd do it , but without my * fully realizing it at the time , it was a cry of triumph for her , praise at her deliverance from pettiness and greed -- and guilt .",0,0,0,0,1,0,2.630644502,2,2,1,296,0.415540541,0.662088503
gunfire,shouting,1055,"There was a clump of trees that *T*-1 appeared *-2 to provide cover right up to the road , and the shouting and gunfire never slackened .",0,1,0,0,1,0,-1.803104915,-1,0,0,524,0.519083969,0.504200779
handhold,wrestles,496,"Rod shifted his eager eyes from the milling group out in the circle long enough * to reply , `` I ai n't much of a hand for Dare-Base and Farmer-in-the-Dell , but I 'd sure like *-1 to get in on the handhold and wrestles '' .",-1,0,0,0,0,0,-0.451968625,0,1,1,0,NA,0.498017488
handle,hinge,497,"Each brass handle and hinge shone for his reward , and he knew how * to get at the dust in the china flowers *T*-2 and how * to take down the long glass drops which *T*-1 hung from the chandelier *T*-3 .",0,0,1,0,0,0,2.568432399,-1,-1,-1,46,0,0.589352934
handspikes,heavers,502,Who *T*-1 reported to you the disappearance of handspikes and heavers and who '' --,0,0,0,0,0,0,-0.214767336,0,0,0,0,NA,0.501199309
hanover,portsmouth,503,A road had *-2 to be hacked *-1 through trackless forests between Hanover and Portsmouth * to permit Governor Wentworth and a company of gentlemen to attend the first Dartmouth commencement in 1771 .,0,0,1,0,0,1,0.179804506,-1,-1,0,0,NA,0.848125999
hat,tunic,1197,He was partially uniformed *-1 in a cavalry tunic and hat .,0,1,-1,0,0,0,2.675264885,1,1,1,331,0.540785498,0.608909925
head-tossing,prancing,516,"This could be told *-1 chiefly from a sort of head-tossing and prancing , a horselike balkiness of demeanor .",0,1,0,0,0,0,-5.011828612,-1,0,0,0,NA,0.4210168
hearsay,legend,520,"If our sincerity is granted *-1 , and it is granted *-2 , the discrepancy can only be explained *-3 by the fact that we have come *-4 to believe hearsay and legend about ourselves in preference to an understanding gained * by earnest self-examination .",0,0,0,0,-1,0,-1.814308387,0,1,1,435,0.494252874,0.510962989
heat,outcry,522,"And so the sun came up again and for a moment its color was the young men 's blood , * shifting then into the full heat and outcry which *T*-1 ran with their hearts .",0,0,0,0,1,0,4.108585334,1,0,0,0,NA,0.635538788
hillbilly,jazz,538,"Publishers want books that *T*-1 will sell , recording studios want discs that *T*-2 will not seem strange to ears used to hillbilly and jazz music , grade and high schools want quaint , but moral , material .",0,0,0,-1,0,0,-3.306450532,-2,-2,-1,59,0,0.286649782
holland,japan,610,His mentioning of Japan and Holland had been merely the expression of wishful thinking .,0,0,-1,0,0,0,-1.372249133,-1,-1,-1,922,0.592190889,0.299350248
honeysuckle,rosebush,998,"*-1 Leaning out , she could see a tangle of rosebush and honeysuckle , one not quite come * to bloom , one just beyond it .",0,0,0,0,0,0,1.654625292,-2,-1,-1,0,NA,0.437557188
hope,smiles,1073,"In between teratologies , she was a pretty and shapely woman ; ; but the nicest thing about their relationship was her whisper to him , repeated some thousands of time , repeated with smiles and hope , `` People never live forever '' .",0,-1,0,0,0,0,2.717512203,0,0,0,245,0.608163265,0.510004115
horse,sulky,550,"Now , * driving the horse and sulky borrowed * from Mynheer Schuyler , he felt as if every bone was topped *-1 by burning oil and that every muscle was ready * to dissolve into jelly and leave his big body helpless and unable * to move .",0,1,0,0,0,0,4.585882533,1,1,1,483,1,0.739393188
huggings,kissings,557,"All about me there was a hectic interplay of meetings taking place , like abrupt , jerky scenes in old silent movies , joyous greetings and beginnings , huggings and kissings , enthusiastic forays into the festive night .",0,0,0,0,-1,0,-1.297707962,0,0,0,187,0.796791444,0.468625981
humor,proportion,564,"* Shocked at the response to our proclamations , we grow more defensive , and worse , we lose our sense of humor and proportion .",0,1,0,0,0,0,-0.913771708,0,0,0,519,0.705202312,0.546089235
immersion,involvement,579,"A third , one of at least equal and perhaps even greater importance , *ICH*-1 is now being traversed *-4 : American immersion and involvement in world affairs .",-1,0,0,0,1,0,-2.121644045,0,0,0,155,0.393548387,0.410433027
incredulity,shock,1049,"From shock and incredulity , most of the listeners went on to open resistance and animosity .",0,0,0,0,-1,0,-3.537668778,-4,-2,-1,736,0.236413043,0.283770155
inertia,petulance,881,"In `` The King 's Ride '' , Charles breaks out of a long period of petulance and inertia , regains his old self , escapes from Turkey , and finally reaches his own land after an absence of eighteen years .",0,-1,0,0,0,0,3.025813034,1,1,0,0,NA,0.527340059
ingratitude,injury,591,Injury and ingratitude would occur .,0,-1,0,0,-1,0,-3.565733736,0,0,0,28,1,0.356222926
instinct,judgement,593,`` Both children are musical and my wife is a music lover of unfailing instinct and judgement '' .,0,-1,0,0,0,0,1.03782226,0,0,0,91,0.505494505,0.469558603
intelligence,mentality,596,"Although he is perfectly willing * to cooperate with Scotland Yard , Holmes has nothing but contempt for the intelligence and mentality of the police .",-1,0,0,0,0,0,2.513252579,0,0,0,156,0.506410256,0.514650858
intensities,rhythms,976,"The musician employing the serial technique of composition establishes a mathematical system of rotations that , *-3 once set *-2 in motion , *T*-1 determines the sequence of pitches and even of rhythms and intensities .",0,0,0,0,0,0,-0.4779911,-1,-1,0,129,0,0.484928437
interconnectedness,quality,940,"As long as perception is seen *-1 as * composed *-2 only of isolated sense data , most of the quality and interconnectedness of existence loses its objectivity , becomes an invention of consciousness , and the result is a philosophical scepticism .",-1,0,0,0,0,0,-5.797965776,-3,0,0,0,NA,0.255815487
interest,scene,1016,"They comprise a great variety of scene and interest : grim episodes of war , idyllic interludes , superb canvases of world-shaking events , and delightfully humorous sketches of odd characters .",0,0,0,0,0,0,1.242780657,-2,-2,-1,126,0,0.444696776
ivory,sandalwood,606,"*-1 Rummaging through a stack of drawers nearby , you unearthed an antique French chess set in ivory and sandalwood , which , along with two box Kodaks , you added *T*-2 to your haul .",0,0,0,1,0,0,2.635387541,0,0,0,390,0.646153846,0.629618299
jazz,marijuana,713,"The mystique of sex , combined * with marijuana and jazz , is intended *-1 to provide a design for living .",0,-1,0,0,0,0,0.990522162,3,1,1,47,1,0.603009521
jerkings,snivelings,616,"He could tell them his fears of * being involved *-1 , he could explain what *T*-2 had happened in the old neighborhood and how Mae had misunderstood *T*-3 and how she had held it over him *T*-4 -- the scene was complete in his mind at the moment , even to his own jerkings and snivelings , and Ferguson 's silent patience .",0,-1,0,0,1,0,3.589386811,1,1,0,0,NA,0.547321919
jubilation,regret,966,"On March 21 , 1845 the bark Bashaw weighed anchor at New Orleans , while on the levee Henry and William Palfrey waved farewell to their father 's former chattels who *T*-1 must have looked back at the receding shore with mingled regret and jubilation .",0,1,0,0,0,0,-3.239544679,-3,-1,-1,0,NA,0.358048978
juice,spirit,622,"This was a broth of a boy , our Felix , and nothing was more obvious than the joy 0 he took *T*-1 in *-2 demonstrating how agile he was *T*-3 and how full of juice and spirit .",0,0,0,0,0,0,-2.001557555,1,1,1,56,1,0.539976881
ketches,yachts,1274,"These were the ships of His Majesty 's Navy , herding the hulks of the East Indies merchants and the yachts and ketches of the loyalists .",0,0,-1,0,0,0,-2.755673474,-1,-1,-1,0,NA,0.272144538
kind,scale,632,Before you look for a farm you 'll need *-1 to know -LRB- 1 -RRB- the kind and scale of farming 0 you want *-2 to undertake *T*-3 ; ; and -LRB- 2 -RRB- whether you want *-4 to buy or rent .,0,0,1,0,0,0,0.845369165,0,0,0,923,0.668472373,0.627822668
lights,motor,673,"He went around the corner and parked , *-1 turning off his lights and motor .",0,0,-1,0,0,1,-0.49636091,1,1,1,779,0.568677792,0.766824057
linguist,therapist,1149,The word that *T*-3 is not used *-2 can be as important as the word that *T*-4 is used *-1 ; ; therapist and linguist must always consider the alternatives .,0,0,0,0,0,0,-2.786679366,1,1,0,0,NA,0.449315882
linguistics,psychiatry,679,"The joint investigations of linguistics and psychiatry have established , in point of fact , that no matter what the subject of conversation is *T*-3 or what words *T*-2 are involved *-1 , it *EXP*-6 is impossible for people to talk at all without *-5 telling over and over again what sort of people they are *T*-4 and how they relate to the rest of the world *T*-7 .",0,0,1,0,0,0,-1.087292191,1,1,0,0,NA,0.592976719
linguists,psychotherapists,936,"Yet , in spite of this , intensive study of the taped interviews by teams of psychotherapists and linguists laid bare the surprising fact that , in the first five minutes of an initial interview , the patient often reveals as many as a dozen times just what *T*-1 's wrong with him ; ; *-2 to spot these giveaways the therapist must know either intuitively or scientifically how * to listen *T*-3 .",0,0,0,0,0,0,0.72912548,3,1,0,0,NA,0.587176001
lint,thread,680,`` Many minute hemorrhages in the lungs ; ; particles of lint and thread in the mouth and nostrils .,0,0,0,0,0,0,-2.529144734,0,0,0,136,0.382352941,0.445633077
liquor,luxury,693,"Early in her life she had discovered that where there were men *T*-1 , there was money , and with the two came luxury and liquor .",0,1,0,0,0,0,0.05604933,1,1,0,43,1,0.578862667
madaripur,sirinjani,1062,"For a brief period each year , the rays of the sun are warm enough * to melt some of the snows piled * *-1 a mile deep at the base of the headwalls , and then the pinnacles glisten in the daytime at high noon , and billions of gallons of water begin their slow seepage under the glaciers and across the rockstrewn hanging valleys on their long , meandering journey to the sea -- *-2 running east past the sky-carving massifs of Gurla Mandhata and Kemchenjunga , then turning south and curling down through the jungles of Assam , past the Khasi Hills , and into Bengal , past Sirinjani and Madaripur , until the hard water of the melting snows mingles with the soft drainage of fields and at length fans out *-3 to meld with the teeming salt depths of the Bay of Bengal .",0,1,0,0,0,-1,5.986452005,1,1,1,0,NA,0.469254685
madman,tyrant,1200,From * being a hated tyrant and madman he was now the symbol of all that *T*-1 was noblest and best in the history of Sweden .,0,0,0,-1,0,0,-0.69995967,0,1,1,26,1,0.481594622
maintenance,travel,1186,She served for a number of years without pay beyond her travel and maintenance .,0,0,1,0,0,0,-0.249356971,-1,-1,0,815,0.192638037,0.593299133
malaise,ritual,985,Our inability * to explain why certain people are fond of us *T*-1 frequently induces the same kind of ritual and malaise .,0,-1,0,0,0,0,-2.503867171,2,2,1,0,NA,0.476036218
maps,registers,711,"-LRB- I myself have identified about sixty sites , from the old maps and registers .",0,0,0,0,0,0,1.234119162,2,2,1,159,0.641509434,0.625257451
marbles,shooters,712,"Ludie had a cigar box full of marbles and shooters , and a Roman candle from last Fourth of July .",1,0,0,0,0,0,1.126288424,0,0,0,0,NA,0.584985131
marquees,signs,1060,"The giant electric signs and marquees were lit up for the first time since blackout regulations had been instituted *-1 , and the atmosphere was alive with the feeling that victory was just around the corner .",-1,0,0,0,0,0,-6.309240769,0,0,0,276,0.554347826,0.311749581
meaningfulness,relevance,968,"The artistic interest , then , lies in what the encounter may be made *-1 to represent *T*-2 , in the power of some central significance 0 * to draw the details into relevance and meaningfulness *T*-3 .",0,0,0,0,0,0,-2.853648545,-1,-1,0,461,0.440347072,0.428165303
mechanics,technique,1138,It is she *ICH*-1 who *T*-2 says aye or nay to the intimate questions of sexual technique and mechanics -- not the husband .,-1,1,0,0,0,0,-1.272442836,-1,-1,-1,516,0.548449612,0.404536581
medicines,yeast,724,"*-1 Anticipating delivery of medicines and yeast by plane , Granite City citizens formed an airfield committee and with the aid of quarrymen and the 172nd Infantry , Vermont National Guard , laid out runways on Wilson flat , high on Millstone Hill .",0,0,1,0,0,0,-0.420123186,-2,-2,-1,0,NA,0.508359539
milk,sops,741,`` Milk and sops '' ! !,0,0,-1,0,0,0,6.541349261,0,0,0,0,NA,0.55977987
miners,teamsters,749,"There were no less than six or seven saloons in Ganado , * not counting the lower class dives , all vying for the trade of celebrating miners and teamsters .",0,0,0,0,0,0,1.758887302,0,0,0,225,0.64,0.548615034
misunderstanding,persecution,755,"I still recall the mild shock 0 I experienced *T*-2 in *-3 reading material of an enthusiastic advocate of the `` clean , healthful , free way of natural life in nudism '' , who *T*-1 seemed *-4 to brave much misunderstanding and persecution in fine spirit .",0,0,0,0,-1,0,-0.537073451,-1,0,0,500,0.664,0.459906428
modernizing,redecorating,757,How much will it cost *T*-1 * to do any necessary modernizing and redecorating ? ?,0,-1,0,0,0,0,1.992888934,0,0,0,0,NA,0.492540851
nagging,stress,1111,"In a general way , psychiatrists were able *-3 to establish on a wide basis what many of them had always felt *T*-2 -- that the most telling cues in psychotherapy are acoustic , that such things as stress and nagging are transmitted *-1 by sound alone and not necessarily by words .",0,1,0,0,0,0,-3.72771575,-1,-1,-1,0,NA,0.397923355
names,specialties,802,"Again , by *-1 spreading one 's purchases over several wine dealers , one becomes familiar with the names and specialties of reputable wine dealers and shippers abroad .",0,0,1,0,0,0,3.228674633,2,2,1,282,1,0.754007492
nationalism,sentiment,1036,And so well *ICH*-3 is such ignorance preserved *-1 by the amateur and the money-maker that even at the college level most of the hundred-odd folklore courses given * in the United States survive on sentiment and nationalism alone .,-1,0,0,0,0,0,-0.247567326,-2,1,0,164,0,0.379187897
neck,saddle,809,"The doctor , with the air of a man whose professional interests *T*-1 have found scope , drew Alex 's attention to those excellences which *T*-2 might otherwise have escaped him : the fine color in comb and wattles , the length and quality of neck and saddle hackles , the firm , wide spread of the toes , and a rare justness in the formation of the ear lappets .",0,1,0,0,0,0,1.445352569,1,1,1,284,0.827464789,0.677004583
neighborliness,politeness,905,"The career of Eichmann made the Trial a potential showcase for anti-Semitic demoralization : *-3 fearful of *-4 being mistaken *-1 for a Jew , he seeks protection in his Nazi uniform ; ; *-5 clinging to the enemy-Jew idea , he is forced *-5 to overcome habits of politeness and neighborliness ; ; once in power he begins *-6 to give vent to a criminal opportunism that *T*-2 causes him to alternate between megalomania and envy of those above him .",-1,0,0,0,0,0,-2.461227962,-2,-2,0,0,NA,0.377442857
nightingales,roses,815,"Travelers entering from the desert were confounded *-1 by what *T*-2 must have seemed an illusion : a great garden filled * with nightingales and roses , cut * by canals and terraced promenades , studded * with water tanks of turquoise tile in which were reflected *T*-3 the glistening blue curves of a hundred domes .",0,1,0,0,0,0,-3.217551279,-2,0,0,878,0.322323462,0.436837769
non-poetry,poetry,903,"`` But we now find writers obsessed * by the nooks and crannies of their ivory towers , and curiously devoted * to the growing obscurity and complexity of poetry and non-poetry .",-1,0,0,0,0,0,-10.04667762,-1,0,0,0,NA,0.220858958
onrush,retreat,839,"Their onrush and retreat , he reported 0 *T*-2 , was accompanied *-1 by a great hissing , roaring and rattling .",0,0,0,0,0,1,-4.572617794,-1,-1,-1,0,NA,0.635972225
optimism,practicality,840,"*-1 Balanced properly between optimism and practicality , the nondefeatist attitude of the shell people led them to extricate themselves , their ships and personnel , from bizarre situations .",0,1,0,0,0,0,1.623908617,1,1,0,91,1,0.61520928
pains,shocks,1050,"Time stood still for these people , and their load of pleasure was so commingled with the shocks and pains of the dromozoa that the words of the Lady Da took on very remote meaning .",0,-1,0,0,1,0,1.137937645,0,0,0,164,0.475609756,0.478460413
painting,sculptures,853,"*-1 Writing in a large volume on the nude in painting and sculptures , titled * The Nude : A Study In Ideal Form , Kenneth Clark declares : `` The human body , as a nucleus , is rich in associations .",0,0,1,0,0,0,2.513086674,0,0,0,495,0.729292929,0.664557584
passage,rhythm,864,"I must state that the faster 0 things happened *T*-2 , the slower they happened *T*-3 ; ; the passage and rhythm of time changed , and when I remember back to what *T*-1 happened then *T*-4 , each event is a separate and frozen incident .",0,0,1,0,0,0,1.245924899,0,0,0,0,NA,0.636800631
patients,psychiatrists,932,"`` I should say 0 it is the turning of courts of law into veritable theatres for sex dramas , involving clergymen and parishioners , psychiatrists and patients .",0,0,0,-1,0,0,3.819119049,1,1,0,882,0.357142857,0.545480616
patronage,subscription,866,"Good wages , patronage and subscription of various kinds stopped open protest from Negroes .",0,0,1,0,0,0,0.014257965,-1,-1,0,34,1,0.599416817
peace,rehabilitation,870,We of the liberal-led world got all set for peace and rehabilitation .,0,1,0,0,0,0,2.156369172,5,1,1,75,1,0.775938238
pegs,withes,874,They were held *-1 together by pegs and withes and in later times drawn *-1 by a single ox in thills .,0,0,1,0,0,0,2.675287926,0,0,0,28,1,0.668034546
pen,telephone,1141,"He looked down over the banister at the hotel desk , with the telephone and pen set .",0,0,-1,0,0,0,-0.721965416,2,0,0,0,NA,0.439497166
people,soils,878,"`` People and soils respond slowly '' , says *T*-2 Walter Clark , `` but the time *ICH*-1 has now come when the gardens produce delicious long-keeping vegetables due to this enrichment program *T*-3 .",0,1,0,0,0,0,4.010670412,-1,-1,-1,0,NA,0.582228679
perceptions,sympathies,879,"He knew her mind *ICH*-1 pretty well , by now , its quick perceptions and sympathies , its painful insistence on truth and directness , its capacity for love almost too deep 0 for a man to reciprocate *T*-2 , even in part .",0,1,0,0,0,0,1.298735267,1,1,0,284,0.63028169,0.607761647
pills,tonics,885,"England , France , Germany , Switzerland , and Italy had all been rendered *-3 for her time and again , and between the prescribed hours of pills and tonics , she had conceived a dreamy passion *ICH*-1 by lamplight , * to see all these places with her own eyes .",0,1,0,0,0,0,2.390135195,1,1,1,449,0.730512249,0.696592962
plane,poplar,891,"The promenade , for example , continues *-2 to take place on the Chahar Bagh , a mile-long garden of plane and poplar trees that *T*-1 now serves as the city 's principal street .",0,0,0,0,0,0,3.396770837,1,1,1,170,0.658823529,0.663894925
playbacks,study,898,"Since interviewing is the basic therapeutic and diagnostic instrument of modern psychiatry , the recording of interviews for playbacks and study has been a boost of Redstone proportions in new research and training .",0,0,0,0,0,1,-8.948346232,0,0,0,0,NA,0.613910195
poise,posture,904,It gave her poise and posture .,1,-1,0,1,0,0,-1.617777148,1,1,1,591,0.424703892,0.601078029
powers,traditions,1183,"During his two terms the Constitution was tested *-2 and found *-2 workable , strong national policies were inaugurated *-1 , and the traditions and powers of the Presidential office firmly fixed *-3 .",0,0,1,0,0,0,1.147233255,0,0,0,200,0.715,0.634597139
preparations,services,920,Kate moved through all the preparations and services in a state of bewilderment .,0,0,0,0,0,1,-2.31792206,-1,1,0,91,0.604395604,0.71625457
promoters,salesmen,1007,"However , by *-1 cultivating a wine dealer and accepting his advice , one will soon enough ascertain whether he has any knowledge of wines -LRB- as opposed to what he may have been told *T*-2 by salesmen and promoters -RRB- and , better yet , whether he has a taste for wine .",0,0,-1,0,0,0,-0.161451945,0,0,0,373,0.549597855,0.399884733
rat-holes,rot,957,"First of all there was the parsonage , an utterly impossible place 0 for civilized people to live in *T*-1 , originally poorly conceived , apparently not repaired * for years , with no plumbing or sewage , with rat-holes and rot .",0,1,0,0,0,0,-6.357199731,-1,-1,-1,0,NA,0.339027112
reason,sight,958,"She had *-1 to get away from here before this demoniac possession swallowed up the liquid of her eyes and sank into the fibers of her brain , *-2 depriving her of reason and sight .",0,-1,1,0,0,0,1.093797891,-1,-1,-1,630,0.204761905,0.492912222
reference,withdrawal,965,"My memory has catalogued for easy reference and withdrawal the image of her pink , scented stationery and the unsloped , almost printed configurations of her neat , studious handwriting with which she invited me *-3 to recall our summer *T*-4 , so many sentences beginning with `` Remember when ; ; '' and others concerning camp friends who *T*-1 resided in her suburban neighborhood , , and news of her commencing again her piano lessons , her private school , a visit to Boston 0 * to see her grandparents *T*-5 and an uncle who *T*-2 was a surgeon returned on furlough , *-6 wounded , from the war in Europe .",0,0,0,0,0,1,1.814972506,-1,-1,0,0,NA,0.811798817
retribution,violence,1216,But they could taste the appeasement of violence and retribution through his antics .,0,0,0,0,-1,-1,-2.964253125,-1,1,0,835,0.105389222,0.146243778
rheum,visions,974,"All kinds *ICH*-3 come *-2 to walk in the promenade : merchants from the bazaar bickering over a deal ; ; a Bakhtiari khan in a cap and hacking jacket ; ; dervishes who *T*-1 stand with the stillness of the blind , their eyes filmed * with rheum and visions ; ; the old Kajar princes arriving in their ancient limousines ; ; students , civil servants , beggars , musicians , hawkers , and clowns .",0,1,0,0,0,0,-2.559332958,1,1,1,0,NA,0.587575098
rhythm,ritual,975,"The style of life chosen * by the beat generation , the rhythm and ritual 0 they have adopted *T*-1 as uniquely their own , is designed *-2 to enhance the value of the sexual experience .",0,0,0,0,0,0,-0.181852932,1,1,0,297,0.673400673,0.511921487
ribs,wagon,977,"He furled the slashed sides of the canvas tarpaulins , *-1 leaving the ribs and wagon open .",0,0,0,0,0,0,-0.612887524,1,1,1,0,NA,0.573007082
romance,snobbery,995,We 've arrived at an age for romance and snobbery .,0,1,0,0,0,0,3.368604412,1,1,0,0,NA,0.654180933
salt,whiskey,1245,"Itching skin , considered * `` just nerves '' , was eased *-1 by * treating with whiskey and salt .",0,0,1,0,0,0,2.222025259,1,1,1,248,0.552419355,0.727767693
scars,welts,1015,The lad 's once superb body was a mass of scars and welts .,0,0,0,0,-1,0,2.67315367,0,0,0,438,0.426940639,0.563939962
scimitars,sultans,1116,`` I am tired of sultans and scimitars '' .,0,-1,0,-1,1,0,-1.977838098,-1,-1,0,0,NA,0.336858151
scots,swiss,1027,"Its people , including Pierre Bottineau and other American Fur Company employees and the refugees from Fort Garry , were joined *-1 by the remaining Scots and Swiss from Fort Snelling when Major Joseph Plympton expelled them from the reservation in May 1840 *T*-2 .",0,0,0,0,0,0,-0.918893566,0,0,0,99,0.565656566,0.484233415
screens,shades,1029,At each angle of its pitch a big skylight had been fitted *-1 into the roof and all these skylights were fitted *-2 with systems of multiple screens and shades .,1,0,0,0,0,0,-0.2881425,0,0,0,336,0.303571429,0.551543102
seals,wires,1256,Unless all gadgets are properly operated *-1 -- and the wires and seals from the handles removed *-3 first -- no damage can be done *-2 .,0,0,-1,0,0,0,-0.584325824,1,1,1,0,NA,0.470285432
self-aggrandisement,self-confidence,1034,In the past year there had been too many examples of his euphoric self-confidence and self-aggrandisement for their liking .,-1,0,0,0,0,-1,-5.036609118,-1,0,0,0,NA,0.11119117
self-indulgence,softness,1076,America did not become great through softness and self-indulgence .,0,0,0,0,0,0,-1.420368153,-2,0,0,0,NA,0.418674896
shavings,vinegar,1214,They looked as if they had been fed *-1 on vinegar and shavings . '',0,0,0,0,-1,0,-2.0768233,1,1,0,0,NA,0.459824084
sky,wasteland,1069,"She studied him hopefully , yearningly ; ; against the limitless background of sky and wasteland it *EXP*-1 was easy * to confirm her analysis .",0,-1,1,0,0,0,4.017656576,1,0,0,0,NA,0.665887182
song,tears,1137,"With shout and slow dance , with tears and song , with scream and contortion , the corner group was beset *-1 by hysteria and shivering , wailing , shouting , possession of something that *T*-2 seemed like an alien and outside force .",0,-1,0,0,0,0,0.340421593,0,0,0,362,0.610497238,0.452852373
sparkle,spring,1094,He was fifteen years older than I -- forty-four -- but full of spring and sparkle .,0,0,0,0,0,0,-3.832374346,-1,-1,-1,150,0,0.338118377
sprains,swellings,1093,"For sprains and swellings , one pint of cider vinegar and half a pint of spirits of turpentine added * to three well beaten eggs was said *-1 to give speedy relief .",0,0,0,0,1,0,-0.453425953,1,1,1,191,0.539267016,0.583110828
spume,wrack,1097,One soft evening -- that marvelous sea-blessed time when the sun 's departing warmth lingers and a smell of spume and wrack haunts everything *T*-1 -- Amy had picked herself off the floor and begun *-2 to walk .,0,-1,0,0,0,0,-0.654302324,0,0,0,0,NA,0.429215315
stalls,urinals,1099,By *-2 counting the number of stalls and urinals I attempted *-2 to form a loose estimate of how many men the hall would hold *T*-1 at one time .,0,0,1,0,0,0,2.6715669,2,2,1,133,0.609022556,0.743909923
starvation,suicide,1100,Then it would be a choice between starvation and suicide .,0,0,0,0,-1,0,-1.313076801,1,-1,-1,202,1,0.440760142
starvation,tuberculosis,1101,"Inevitably , Mrs. Hull died of starvation and tuberculosis , *-1 weighing 60 pounds .",0,0,-1,0,0,0,-0.714809159,2,0,0,117,0.64957265,0.439667131
stub,twister,1113,"She is a regular stub and twister , double geered .",0,0,0,0,0,0,1.66613238,1,1,1,0,NA,0.625708561
sushi,tea,1135,"When he had given the call a few moments thought *T*-3 , he went into the kitchen * to ask Mrs. Yamata *-4 to prepare tea and sushi for the visitors , *-5 using the formal English china and the silver tea service which *T*-2 had been donated *-1 to the mission , then he went outside * to inspect the grounds .",0,0,-1,0,0,0,-3.748468378,-1,-1,-1,0,NA,0.253603659
suspense,worry,1268,"Once he had abandoned himself to the very worst , once he had quieted all the dragons of worry and suspense , there would n't be very much for 0 Mae to do *T*-1 .",0,0,0,0,0,0,-2.04743997,1,1,1,334,0.383233533,0.538877882
sweet-shrub,syringa,1129,"In the center of any open space remaining our grandfathers had planted syringa and sweet-shrub , snowball , rose-of-Sharon and balm-of-Gilead .",0,0,0,0,0,0,-4.901001396,0,1,1,0,NA,0.443325814
talents,values,1209,"The values and talents which *T*-1 made the tile and the dome , the rug , the poem and the miniature , continue in certain social institutions which *T*-2 rise above the ordinary life of this city , as the great buildings rise above blank walls and dirty lanes .",0,1,0,0,0,0,-2.65881003,0,0,0,723,0.517289073,0.504160751
temperature,wind-velocity,1143,"As daylight began *-1 to show through the frosty windows , Fogg would place a call to William A. Shaw at the U.S. Weather Station at Northfield , Vermont , for temperature and wind-velocity readings .",0,0,1,0,0,0,9.522391147,1,-1,0,0,NA,0.822954182
tension,terror,1144,It has identified itself with the very tension and terror 0 it once did so much 0 *T*-1 to alleviate *T*-2 .,0,0,0,0,-1,0,0.469151533,0,0,0,918,0.669934641,0.511168387
unhappiness,women,1263,"`` Well -- women and unhappiness go together '' , I observed *T*-1 profoundly , *-2 adding , `` You can wager your derriere on that '' .",0,-1,0,0,0,0,-4.937330051,-1,-1,0,0,NA,0.323506711
usefulness,viability,1213,It *EXP*-1 is one of the ironic quirks of history that the viability and usefulness of nationalism and the territorial state are rapidly dissipating at precisely the time that the nation-state attained its highest number -LRB- approximately 100 -RRB- *T*-2 .,0,0,0,0,0,-1,0.95488963,0,0,0,412,0.337378641,0.234438085
vitality,will,1220,"Besides , terror had sapped some of Frayne 's vitality and will .",0,1,0,0,0,0,-5.466345529,-2,-2,-1,999,0.777777778,0.349447116