Binomial_1,Binomial_2,Binomial_3,Binomial_4,Binomial_5,Binomial_6,Binomial_7,Binomial_8,Binomial_9,Binomial_10,Binomial_11,Binomial_12,Binomial_13,Binomial_14,Binomial_15,Binomial_16,Binomial_17,Binomial_18,Binomial_19,Binomial_20,Binomial_21,Binomial_22,Binomial_23,Binomial_24,Binomial_25,Binomial_26,Binomial_27,Binomial_28,Binomial_29,Binomial_30,Binomial_31
speed and firepower,gloom and foreboding,education and industrialization,commercialism and materialism,abasement and humiliation,intonation and phrasing,excuses and alibis,imagery and color,blame and hate,progress and liberalism,disdain and indifference,gaiety and spirit,endearments and caresses,flight and terror,letters and magazines,men and women,black and white,night and day,boys and girls,right and left,male and female,mr. and mrs.,father and mother,goods and services,north and south,research and development,time and place,life and death,brothers and sisters,husband and wife,bread and butter
speed and firepower,gloom and foreboding,education and industrialization,commercialism and materialism,abasement and humiliation,intonation and phrasing,excuses and alibis,color and imagery,blame and hate,progress and liberalism,disdain and indifference,gaiety and spirit,endearments and caresses,flight and terror,letters and magazines,women and men,black and white,night and day,boys and girls,left and right,male and female,mr. and mrs.,father and mother,goods and services,north and south,research and development,time and place,life and death,sisters and brothers,husband and wife,bread and butter
firepower and speed,gloom and foreboding,education and industrialization,materialism and commercialism,abasement and humiliation,intonation and phrasing,excuses and alibis,color and imagery,hate and blame,progress and liberalism,disdain and indifference,gaiety and spirit,endearments and caresses,flight and terror,magazines and letters,women and men,black and white,night and day,girls and boys,right and left,male and female,mr. and mrs.,mother and father,goods and services,north and south,research and development,time and place,life and death,sisters and brothers,husband and wife,bread and butter
speed and firepower,gloom and foreboding,education and industrialization,commercialism and materialism,abasement and humiliation,intonation and phrasing,excuses and alibis,imagery and color,hate and blame,progress and liberalism,indifference and disdain,gaiety and spirit,caresses and endearments,flight and terror,letters and magazines,men and women,black and white,night and day,girls and boys,left and right,male and female,mr. and mrs.,father and mother,goods and services,north and south,research and development,time and place,life and death,sisters and brothers,husband and wife,bread and butter
speed and firepower,gloom and foreboding,education and industrialization,commercialism and materialism,abasement and humiliation,intonation and phrasing,excuses and alibis,imagery and color,hate and blame,progress and liberalism,indifference and disdain,spirit and gaiety,endearments and caresses,flight and terror,magazines and letters,men and women,black and white,night and day,girls and boys,right and left,male and female,mr. and mrs.,mother and father,goods and services,north and south,research and development,time and place,life and death,brothers and sisters,husband and wife,bread and butter
firepower and speed,gloom and foreboding,education and industrialization,commercialism and materialism,abasement and humiliation,intonation and phrasing,excuses and alibis,color and imagery,hate and blame,progress and liberalism,disdain and indifference,spirit and gaiety,endearments and caresses,flight and terror,magazines and letters,men and women,black and white,night and day,girls and boys,left and right,female and male,mr. and mrs.,father and mother,goods and services,north and south,research and development,time and place,life and death,sisters and brothers,husband and wife,bread and butter
firepower and speed,gloom and foreboding,education and industrialization,commercialism and materialism,abasement and humiliation,intonation and phrasing,excuses and alibis,color and imagery,hate and blame,progress and liberalism,indifference and disdain,gaiety and spirit,caresses and endearments,flight and terror,magazines and letters,women and men,black and white,night and day,boys and girls,right and left,male and female,mr. and mrs.,mother and father,goods and services,north and south,research and development,time and place,life and death,brothers and sisters,husband and wife,bread and butter
speed and firepower,gloom and foreboding,industrialization and education,commercialism and materialism,abasement and humiliation,intonation and phrasing,excuses and alibis,color and imagery,hate and blame,liberalism and progress,disdain and indifference,gaiety and spirit,endearments and caresses,flight and terror,letters and magazines,women and men,black and white,night and day,boys and girls,right and left,male and female,mr. and mrs.,mother and father,goods and services,north and south,research and development,time and place,life and death,sisters and brothers,wife and husband,bread and butter
speed and firepower,gloom and foreboding,education and industrialization,commercialism and materialism,abasement and humiliation,intonation and phrasing,alibis and excuses,imagery and color,blame and hate,liberalism and progress,disdain and indifference,gaiety and spirit,caresses and endearments,flight and terror,letters and magazines,women and men,black and white,night and day,girls and boys,left and right,female and male,mr. and mrs.,mother and father,goods and services,north and south,research and development,time and place,life and death,brothers and sisters,husband and wife,bread and butter
speed and firepower,gloom and foreboding,education and industrialization,commercialism and materialism,abasement and humiliation,intonation and phrasing,excuses and alibis,imagery and color,hate and blame,progress and liberalism,disdain and indifference,gaiety and spirit,caresses and endearments,flight and terror,magazines and letters,women and men,black and white,night and day,girls and boys,left and right,male and female,mr. and mrs.,mother and father,goods and services,north and south,research and development,time and place,life and death,sisters and brothers,husband and wife,bread and butter
speed and firepower,gloom and foreboding,education and industrialization,commercialism and materialism,abasement and humiliation,intonation and phrasing,excuses and alibis,imagery and color,hate and blame,progress and liberalism,disdain and indifference,gaiety and spirit,endearments and caresses,flight and terror,magazines and letters,women and men,black and white,night and day,boys and girls,right and left,male and female,mr. and mrs.,father and mother,goods and services,north and south,research and development,time and place,life and death,sisters and brothers,husband and wife,bread and butter
firepower and speed,gloom and foreboding,education and industrialization,materialism and commercialism,abasement and humiliation,intonation and phrasing,excuses and alibis,imagery and color,hate and blame,progress and liberalism,disdain and indifference,spirit and gaiety,endearments and caresses,flight and terror,letters and magazines,men and women,black and white,night and day,girls and boys,left and right,male and female,mr. and mrs.,mother and father,goods and services,north and south,research and development,time and place,life and death,brothers and sisters,husband and wife,bread and butter
firepower and speed,gloom and foreboding,education and industrialization,commercialism and materialism,abasement and humiliation,intonation and phrasing,excuses and alibis,imagery and color,blame and hate,progress and liberalism,disdain and indifference,gaiety and spirit,caresses and endearments,flight and terror,letters and magazines,men and women,black and white,night and day,girls and boys,left and right,male and female,mr. and mrs.,mother and father,goods and services,north and south,research and development,time and place,life and death,brothers and sisters,husband and wife,bread and butter
firepower and speed,gloom and foreboding,education and industrialization,commercialism and materialism,abasement and humiliation,intonation and phrasing,alibis and excuses,color and imagery,hate and blame,progress and liberalism,disdain and indifference,spirit and gaiety,caresses and endearments,flight and terror,magazines and letters,women and men,black and white,night and day,boys and girls,right and left,male and female,mr. and mrs.,mother and father,goods and services,north and south,research and development,time and place,life and death,brothers and sisters,husband and wife,bread and butter
speed and firepower,gloom and foreboding,education and industrialization,commercialism and materialism,abasement and humiliation,intonation and phrasing,excuses and alibis,color and imagery,hate and blame,progress and liberalism,indifference and disdain,gaiety and spirit,endearments and caresses,flight and terror,letters and magazines,men and women,black and white,night and day,boys and girls,left and right,female and male,mr. and mrs.,father and mother,goods and services,north and south,research and development,time and place,life and death,brothers and sisters,husband and wife,bread and butter
speed and firepower,gloom and foreboding,education and industrialization,materialism and commercialism,abasement and humiliation,intonation and phrasing,alibis and excuses,imagery and color,blame and hate,progress and liberalism,disdain and indifference,gaiety and spirit,caresses and endearments,flight and terror,letters and magazines,women and men,black and white,night and day,boys and girls,right and left,male and female,mr. and mrs.,father and mother,goods and services,north and south,research and development,time and place,life and death,sisters and brothers,husband and wife,bread and butter
speed and firepower,gloom and foreboding,education and industrialization,commercialism and materialism,abasement and humiliation,intonation and phrasing,excuses and alibis,color and imagery,hate and blame,liberalism and progress,indifference and disdain,spirit and gaiety,endearments and caresses,flight and terror,magazines and letters,women and men,black and white,night and day,girls and boys,left and right,male and female,mr. and mrs.,mother and father,goods and services,north and south,research and development,time and place,life and death,sisters and brothers,husband and wife,bread and butter
firepower and speed,gloom and foreboding,education and industrialization,materialism and commercialism,abasement and humiliation,intonation and phrasing,excuses and alibis,color and imagery,hate and blame,progress and liberalism,disdain and indifference,gaiety and spirit,caresses and endearments,flight and terror,letters and magazines,women and men,black and white,night and day,boys and girls,right and left,male and female,mr. and mrs.,mother and father,goods and services,north and south,research and development,time and place,life and death,brothers and sisters,husband and wife,bread and butter
speed and firepower,gloom and foreboding,education and industrialization,commercialism and materialism,abasement and humiliation,intonation and phrasing,excuses and alibis,imagery and color,hate and blame,progress and liberalism,disdain and indifference,spirit and gaiety,endearments and caresses,flight and terror,magazines and letters,women and men,black and white,night and day,girls and boys,left and right,male and female,mr. and mrs.,mother and father,goods and services,north and south,research and development,time and place,life and death,sisters and brothers,husband and wife,bread and butter
speed and firepower,gloom and foreboding,education and industrialization,materialism and commercialism,abasement and humiliation,intonation and phrasing,excuses and alibis,color and imagery,hate and blame,progress and liberalism,indifference and disdain,gaiety and spirit,endearments and caresses,flight and terror,letters and magazines,men and women,black and white,night and day,boys and girls,right and left,male and female,mr. and mrs.,mother and father,goods and services,north and south,research and development,time and place,life and death,sisters and brothers,husband and wife,bread and butter
firepower and speed,gloom and foreboding,education and industrialization,materialism and commercialism,abasement and humiliation,intonation and phrasing,excuses and alibis,imagery and color,hate and blame,liberalism and progress,indifference and disdain,spirit and gaiety,endearments and caresses,flight and terror,letters and magazines,women and men,black and white,night and day,girls and boys,left and right,male and female,mr. and mrs.,father and mother,goods and services,north and south,research and development,time and place,life and death,sisters and brothers,husband and wife,bread and butter
speed and firepower,gloom and foreboding,education and industrialization,commercialism and materialism,abasement and humiliation,intonation and phrasing,excuses and alibis,color and imagery,blame and hate,progress and liberalism,disdain and indifference,gaiety and spirit,caresses and endearments,flight and terror,magazines and letters,men and women,black and white,night and day,girls and boys,right and left,female and male,mr. and mrs.,mother and father,goods and services,north and south,research and development,time and place,life and death,brothers and sisters,husband and wife,bread and butter
speed and firepower,gloom and foreboding,education and industrialization,commercialism and materialism,abasement and humiliation,intonation and phrasing,alibis and excuses,color and imagery,hate and blame,progress and liberalism,disdain and indifference,spirit and gaiety,endearments and caresses,flight and terror,letters and magazines,women and men,black and white,night and day,boys and girls,left and right,male and female,mr. and mrs.,father and mother,goods and services,north and south,research and development,time and place,life and death,brothers and sisters,husband and wife,bread and butter
speed and firepower,gloom and foreboding,education and industrialization,materialism and commercialism,abasement and humiliation,intonation and phrasing,alibis and excuses,color and imagery,hate and blame.,progress and liberalism,disdain and indifference,gaiety and spirit,caresses and endearments,flight and terror,magazines and letters,women and men,black and white,night and day,girls and boys,right and left,female and male,mr. and mrs.,father and mother,goods and services,north and south,research and development,time and place,life and death,brothers and sisters,husband and wife,bread and butter
firepower and speed,gloom and foreboding,education and industrialization,commercialism and materialism,abasement and humiliation,intonation and phrasing,alibis and excuses,color and imagery,hate and blame,progress and liberalism,disdain and indifference,gaiety and spirit,endearments and caresses,flight and terror,magazines and letters,women and men,black and white,night and day,girls and boys,left and right,female and male,mr. and mrs.,mother and father,goods and services,north and south,research and development,time and place,life and death,brothers and sisters,husband and wife,bread and butter
firepower and speed,gloom and foreboding,education and industrialization,materialism and commercialism,abasement and humiliation,intonation and phrasing,excuses and alibis,color and imagery,hate and blame,liberalism and progress,disdain and indifference,gaiety and spirit,endearments and caresses,flight and terror,letters and magazines,women and men,black and white,night and day,boys and girls,left and right,female and male,mr. and mrs.,mother and father,goods and services,north and south,research and development,time and place,life and death,brothers and sisters,husband and wife,bread and butter
firepower and speed,gloom and foreboding,education and industrialization,materialism and commercialism,abasement and humiliation,intonation and phrasing,excuses and alibis,color and imagery,hate and blame,progress and liberalism,disdain and indifference,gaiety and spirit,caresses and endearments,flight and terror,letters and magazines,women and men,black and white,night and day,boys and girls,left and right,male and female,mr. and mrs.,father and mother,goods and services,north and south,research and development,time and place,life and death,brothers and sisters,husband and wife,bread and butter
speed and firepower,gloom and foreboding,education and industrialization,materialism and commercialism,abasement and humiliation,intonation and phrasing,excuses and alibis,color and imagery,hate and blame,progress and liberalism,disdain and indifference,gaiety and spirit,endearments and caresses,flight and terror,magazines and letters,men and women,black and white,night and day,girls and boys,right and left,female and male,mr. and mrs.,father and mother,goods and services,north and south,research and development,time and place,life and death,sisters and brothers,husband and wife,bread and butter
speed and firepower,gloom and foreboding,education and industrialization,commercialism and materialism,abasement and humiliation,intonation and phrasing,excuses and alibis,color and imagery,hate and blame,progress and liberalism,disdain and indifference,gaiety and spirit,endearments and caresses,flight and terror,magazines and letters,men and women,black and white,night and day,girls and boys,right and left,male and female,mr. and mrs.,mother and father,goods and services,north and south,research and development,time and place,life and death,brothers and sisters,wife and husband,bread and butter
speed and firepower,gloom and foreboding,education and industrialization,materialism and commercialism,abasement and humiliation,intonation and phrasing,excuses and alibis,imagery and color,hate and blame,progress and liberalism,indifference and disdain,gaiety and spirit,caresses and endearments,flight and terror,letters and magazines,men and women,black and white,night and day,boys and girls,right and left,female and male,mr. and mrs.,father and mother,goods and services,north and south,research and development,time and place,life and death,sisters and brothers,husband and wife,bread and butter
firepower and speed,gloom and foreboding,education and industrialization,materialism and commercialism,abasement and humiliation,intonation and phrasing,alibis and excuses,color and imagery,hate and blame,liberalism and progress,indifference and disdain,gaiety and spirit,endearments and caresses,flight and terror,letters and magazines,women and men,black and white,night and day,boys and girls,right and left,male and female,mr. and mrs.,father and mother,goods and services,north and south,research and development,time and place,life and death,brothers and sisters,wife and husband,bread and butter
speed and firepower,gloom and foreboding,education and industrialization,commercialism and materialism,abasement and humiliation,intonation and phrasing,excuses and alibis,color and imagery,hate and blame,progress and liberalism,disdain and indifference,gaiety and spirit,endearments and caresses,flight and terror,letters and magazines,men and women,black and white,night and day,boys and girls,left and right,male and female,mr. and mrs.,mother and father,goods and services,north and south,research and development,time and place,life and death,brothers and sisters,husband and wife,bread and butter
firepower and speed,gloom and foreboding,education and industrialization,materialism and commercialism,abasement and humiliation,intonation and phrasing,excuses and alibis,color and imagery,hate and blame,progress and liberalism,disdain and indifference,gaiety and spirit,caresses and endearments,flight and terror,letters and magazines,men and women,black and white,night and day,girls and boys,left and right,male and female,mr. and mrs.,mother and father,goods and services,north and south,research and development,time and place,life and death,sisters and brothers,husband and wife,bread and butter
speed and firepower,gloom and foreboding,education and industrialization,materialism and commercialism,abasement and humiliation,intonation and phrasing,alibis and excuses,imagery and color,hate and blame,liberalism and progress,disdain and indifference,spirit and gaiety,caresses and endearments,flight and terror,letters and magazines,men and women,black and white,night and day,girls and boys,right and left,female and male,mr. and mrs.,mother and father,goods and services,north and south,research and development,time and place,life and death,brothers and sisters,husband and wife,bread and butter
speed and firepower,gloom and foreboding,education and industrialization,materialism and commercialism,abasement and humiliation,intonation and phrasing,alibis and excuses,color and imagery,hate and blame,progress and liberalism,disdain and indifference,gaiety and spirit,endearments and caresses,flight and terror,letters and magazines,women and men,black and white,night and day,boys and girls,right and left,female and male,mr. and mrs.,mother and father,goods and services,north and south,research and development,time and place,life and death,sisters and brothers,husband and wife,bread and butter
firepower and speed,gloom and foreboding,education and industrialization,materialism and commercialism,abasement and humiliation,intonation and phrasing,excuses and alibis,color and imagery,hate and blame,progress and liberalism,disdain and indifference,gaiety and spirit,caresses and endearments,flight and terror,letters and magazines,women and men,black and white,night and day,girls and boys,left and right,male and female,mr. and mrs.,mother and father,goods and services,north and south,research and development,time and place,life and death,brothers and sisters,husband and wife,bread and butter
speed and firepower,gloom and foreboding,education and industrialization,materialism and commercialism,abasement and humiliation,intonation and phrasing,excuses and alibis,imagery and color,blame and hate,progress and liberalism,disdain and indifference,gaiety and spirit,endearments and caresses,flight and terror,letters and magazines,men and women,black and white,night and day,boys and girls,left and right,male and female,mr. and mrs.,father and mother,goods and services,north and south,research and development,time and place,life and death,sisters and brothers,husband and wife,bread and butter
firepower and speed,gloom and foreboding,education and industrialization,materialism and commercialism,abasement and humiliation,intonation and phrasing,excuses and alibis,color and imagery,hate and blame,liberalism and progress,disdain and indifference,gaiety and spirit,caresses and endearments,flight and terror,magazines and letters,women and men,black and white,night and day,girls and boys,right and left,female and male,mr. and mrs.,father and mother,goods and services,north and south,research and development,time and place,life and death,sisters and brothers,husband and wife,bread and butter
firepower and speed,gloom and foreboding,education and industrialization,materialism and commercialism,abasement and humiliation,intonation and phrasing,alibis and excuses,color and imagery,hate and blame,progress and liberalism,disdain and indifference,spirit and gaiety,endearments and caresses,flight and terror,letters and magazines,women and men,black and white,night and day,boys and girls,left and right,male and female,mr. and mrs.,mother and father,goods and services,north and south,research and development,time and place,life and death,brothers and sisters,husband and wife,bread and butter
speed and firepower,gloom and foreboding,education and industrialization,materialism and commercialism,abasement and humiliation,intonation and phrasing,excuses and alibis,imagery and color,hate and blame,progress and liberalism,indifference and disdain,spirit and gaiety,endearments and caresses,flight and terror,magazines and letters,women and men,black and white,night and day,boys and girls,left and right,male and female,mr. and mrs.,father and mother,goods and services,north and south,research and development,time and place,life and death,brothers and sisters,husband and wife,bread and butter
firepower and speed,gloom and foreboding,industrialization and education,materialism and commercialism,abasement and humiliation,intonation and phrasing,excuses and alibis,imagery and color,hate and blame,progress and liberalism,indifference and disdain,gaiety and spirit,endearments and caresses,flight and terror,magazines and letters,women and men,black and white,night and day,girls and boys,left and right,male and female,mr. and mrs.,father and mother,goods and services,north and south,research and development,time and place,life and death,sisters and brothers,husband and wife,bread and butter
firepower and speed,gloom and foreboding,education and industrialization,materialism and commercialism,abasement and humiliation,intonation and phrasing,excuses and alibis,imagery and color,hate and blame,progress and liberalism,disdain and indifference,gaiety and spirit,endearments and caresses,flight and terror,letters and magazines,men and women,black and white,night and day,boys and girls,left and right,male and female,mr. and mrs.,mother and father,goods and services,north and south,research and development,time and place,life and death,sisters and brothers,husband and wife,bread and butter
speed and firepower,gloom and foreboding,education and industrialization,commercialism and materialism,abasement and humiliation,intonation and phrasing,alibis and excuses,color and imagery,hate and blame,progress and liberalism,disdain and indifference,spirit and gaiety,caresses and endearments,flight and terror,letters and magazines,men and women,black and white,night and day,girls and boys,left and right,female and male,mr. and mrs.,mother and father,goods and services,north and south,research and development,time and place,life and death,brothers and sisters,husband and wife,bread and butter
firepower and speed,gloom and foreboding,education and industrialization,commercialism and materialism,abasement and humiliation,intonation and phrasing,excuses and alibis,color and imagery,hate and blame,liberalism and progress,disdain and indifference,gaiety and spirit,endearments and caresses,flight and terror,letters and magazines,women and men,black and white,night and day,girls and boys,left and right,male and female,mr. and mrs.,father and mother,goods and services,north and south,research and development,time and place,life and death,sisters and brothers,husband and wife,bread and butter
speed and firepower,gloom and foreboding,education and industrialization,commercialism and materialism,abasement and humiliation,intonation and phrasing,excuses and alibis,color and imagery,blame and hate,progress and liberalism,disdain and indifference,spirit and gaiety,endearments and caresses,flight and terror,magazines and letters,men and women,black and white,night and day,girls and boys,left and right,male and female,mr. and mrs.,mother and father,goods and services,north and south,research and development,time and place,life and death,brothers and sisters,husband and wife,bread and butter
speed and firepower,gloom and foreboding,industrialization and education,materialism and commercialism,abasement and humiliation,intonation and phrasing,excuses and alibis,color and imagery,hate and blame,liberalism and progress,disdain and indifference,gaiety and spirit,caresses and endearments,flight and terror,letters and magazines,men and women,black and white,night and day,boys and girls,right and left,male and female,mr. and mrs.,father and mother,goods and services,north and south,research and development,time and place,life and death,brothers and sisters,husband and wife,bread and butter
firepower and speed,gloom and foreboding,education and industrialization,commercialism and materialism,abasement and humiliation,intonation and phrasing,excuses and alibis,color and imagery,hate and blame,liberalism and progress,indifference and disdain,gaiety and spirit,endearments and caresses,flight and terror,magazines and letters,men and women,black and white,night and day,girls and boys,left and right,female and male,mr. and mrs.,mother and father,goods and services,north and south,research and development,time and place,life and death,brothers and sisters,husband and wife,bread and butter
firepower and speed,gloom and foreboding,education and industrialization,materialism and commercialism,abasement and humiliation,intonation and phrasing,excuses and alibis,color and imagery,hate and blame,progress and liberalism,disdain and indifference,gaiety and spirit,endearments and caresses,flight and terror,magazines and letters,men and women,black and white,night and day,boys and girls,right and left,male and female,mr. and mrs.,mother and father,goods and services,north and south,research and development,time and place,life and death,sisters and brothers,husband and wife,bread and butter
speed and firepower,gloom and foreboding,education and industrialization,materialism and commercialism,abasement and humiliation,intonation and phrasing,alibis and excuses,imagery and color,blame and hate,progress and liberalism,disdain and indifference,gaiety and spirit,endearments and caresses,flight and terror,letters and magazines,women and men,black and white,night and day,boys and girls,right and left,male and female,mr. and mrs.,mother and father,goods and services,north and south,research and development,time and place,life and death,sisters and brothers,wife and husband,bread and butter
speed and firepower,gloom and foreboding,education and industrialization,commercialism and materialism,abasement and humiliation,intonation and phrasing,excuses and alibis,imagery and color,hate and blame,progress and liberalism,disdain and indifference,gaiety and spirit,endearments and caresses,flight and terror,letters and magazines,men and women,black and white,night and day,boys and girls,left and right,male and female,mr. and mrs.,father and mother,goods and services,north and south,research and development,time and place,life and death,brothers and sisters,husband and wife,bread and butter
firepower and speed,gloom and foreboding,education and industrialization,materialism and commercialism,abasement and humiliation,intonation and phrasing,alibis and excuses,imagery and color,hate and blame,progress and liberalism,disdain and indifference,spirit and gaiety,endearments and caresses,flight and terror,magazines and letters,women and men,black and white,night and day,girls and boys,left and right,female and male,mr. and mrs.,mother and father,goods and services,north and south,research and development,time and place,life and death,brothers and sisters,husband and wife,bread and butter
speed and firepower,gloom and foreboding,education and industrialization,commercialism and materialism,abasement and humiliation,intonation and phrasing,excuses and alibis,imagery and color,blame and hate,progress and liberalism,disdain and indifference,gaiety and spirit,endearments and caresses,flight and terror,magazines and letters,women and men,black and white,night and day,girls and boys,right and left,male and female,mr. and mrs.,mother and father,goods and services,north and south,research and development,time and place,life and death,sisters and brothers,husband and wife,bread and butter
speed and firepower,gloom and foreboding,education and industrialization,commercialism and materialism,abasement and humiliation,intonation and phrasing,excuses and alibis,color and imagery,blame and hate,liberalism and progress,disdain and indifference,gaiety and spirit,caresses and endearments,flight and terror,letters and magazines,men and women,black and white,night and day,boys and girls,left and right,female and male,mr. and mrs.,father and mother,goods and services,north and south,research and development,time and place,life and death,sisters and brothers,husband and wife,bread and butter
speed and firepower,gloom and foreboding,education and industrialization,materialism and commercialism,abasement and humiliation,intonation and phrasing,alibis and excuses,imagery and color,hate and blame,progress and liberalism,disdain and indifference,gaiety and spirit,endearments and caresses,flight and terror,letters and magazines,men and women,black and white,night and day,boys and girls,left and right,male and female,mr. and mrs.,father and mother,goods and services,north and south,research and development,time and place,life and death,sisters and brothers,husband and wife,bread and butter
speed and firepower,gloom and foreboding,education and industrialization,commercialism and materialism,abasement and humiliation,intonation and phrasing,excuses and alibis,imagery and color,hate and blame,progress and liberalism,disdain and indifference,gaiety and spirit,endearments and caresses,flight and terror,magazines and letters,men and women,black and white,night and day,boys and girls,right and left,female and male,mr. and mrs.,mother and father,goods and services,north and south,research and development,time and place,life and death,brothers and sisters,husband and wife,bread and butter
speed and firepower,gloom and foreboding,education and industrialization,materialism and commercialism,abasement and humiliation,intonation and phrasing,excuses and alibis,color and imagery,blame and hate,progress and liberalism,disdain and indifference,spirit and gaiety,endearments and caresses,flight and terror,letters and magazines,women and men,black and white,night and day,boys and girls,right and left,male and female,mr. and mrs.,mother and father,goods and services,north and south,research and development,time and place,life and death,sisters and brothers,husband and wife,bread and butter
speed and firepower,gloom and foreboding,education and industrialization,materialism and commercialism,abasement and humiliation,intonation and phrasing,excuses and alibis,color and imagery,hate and blame,liberalism and progress,indifference and disdain,gaiety and spirit,endearments and caresses,flight and terror,letters and magazines,women and men,black and white,night and day,girls and boys,right and left,male and female,mr. and mrs.,father and mother,goods and services,north and south,research and development,time and place,life and death,sisters and brothers,husband and wife,bread and butter
speed and firepower,gloom and foreboding,education and industrialization,materialism and commercialism,abasement and humiliation,intonation and phrasing,alibis and excuses,imagery and color,hate and blame,progress and liberalism,disdain and indifference,spirit and gaiety,endearments and caresses,flight and terror,letters and magazines,men and women,black and white,night and day,boys and girls,left and right,male and female,mr. and mrs.,father and mother,goods and services,north and south,research and development,time and place,life and death,sisters and brothers,husband and wife,bread and butter
speed and firepower,gloom and foreboding,education and industrialization,materialism and commercialism,abasement and humiliation,intonation and phrasing,alibis and excuses,color and imagery,hate and blame,progress and liberalism,disdain and indifference,gaiety and spirit,caresses and endearments,flight and terror,letters and magazines,men and women,black and white,night and day,boys and girls,left and right,female and male,mr. and mrs.,father and mother,goods and services,north and south,research and development,time and place,life and death,brothers and sisters,husband and wife,bread and butter
firepower and speed,gloom and foreboding,education and industrialization,materialism and commercialism,abasement and humiliation,intonation and phrasing,alibis and excuses,imagery and color,hate and blame,progress and liberalism,disdain and indifference,gaiety and spirit,caresses and endearments,flight and terror,letters and magazines,women and men,black and white,night and day,girls and boys,right and left,male and female,mr. and mrs.,father and mother,goods and services,north and south,research and development,time and place,life and death,sisters and brothers,husband and wife,bread and butter
firepower and speed,gloom and foreboding,education and industrialization,commercialism and materialism,abasement and humiliation,intonation and phrasing,alibis and excuses,color and imagery,hate and blame,progress and liberalism,disdain and indifference,gaiety and spirit,endearments and caresses,flight and terror,magazines and letters,men and women,black and white,night and day,girls and boys,left and right,male and female,mr. and mrs.,mother and father,goods and services,north and south,research and development,time and place,life and death,brothers and sisters,husband and wife,bread and butter
speed and firepower,gloom and foreboding,education and industrialization,materialism and commercialism,abasement and humiliation,intonation and phrasing,excuses and alibis,color and imagery,hate and blame,progress and liberalism,disdain and indifference,gaiety and spirit,caresses and endearments,flight and terror,letters and magazines,men and women,black and white,night and day,girls and boys,right and left,female and male,mr. and mrs.,father and mother,goods and services,north and south,research and development,time and place,life and death,sisters and brothers,husband and wife,bread and butter
firepower and speed,gloom and foreboding,education and industrialization,materialism and commercialism,abasement and humiliation,intonation and phrasing,excuses and alibis,color and imagery,hate and blame,progress and liberalism,disdain and indifference,gaiety and spirit,endearments and caresses,flight and terror,magazines and letters,women and men,black and white,night and day,boys and girls,left and right,male and female,mr. and mrs.,mother and father,goods and services,north and south,research and development,time and place,life and death,brothers and sisters,husband and wife,bread and butter
speed and firepower,gloom and foreboding,education and industrialization,commercialism and materialism,abasement and humiliation,intonation and phrasing,excuses and alibis,imagery and color,blame and hate,liberalism and progress,disdain and indifference,spirit and gaiety,caresses and endearments,flight and terror,magazines and letters,men and women,black and white,night and day,girls and boys,left and right,male and female,mr. and mrs.,father and mother,goods and services,north and south,research and development,time and place,life and death,brothers and sisters,husband and wife,bread and butter
speed and firepower,gloom and foreboding,education and industrialization,commercialism and materialism,abasement and humiliation,intonation and phrasing,excuses and alibis,imagery and color,hate and blame,liberalism and progress,disdain and indifference,spirit and gaiety,caresses and endearments,flight and terror,letters and magazines,women and men,black and white,night and day,girls and boys,right and left,male and female,mr. and mrs.,father and mother,goods and services,north and south,research and development,time and place,life and death,sisters and brothers,husband and wife,bread and butter
speed and firepower,gloom and foreboding,education and industrialization,materialism and commercialism,abasement and humiliation,intonation and phrasing,alibis and excuses,imagery and color,hate and blame,progress and liberalism,indifference and disdain,gaiety and spirit,endearments and caresses,flight and terror,magazines and letters,men and women,black and white,night and day,girls and boys,right and left,male and female,mr. and mrs.,father and mother,goods and services,north and south,research and development,time and place,life and death,brothers and sisters,husband and wife,bread and butter
firepower and speed,gloom and foreboding,education and industrialization,commercialism and materialism,abasement and humiliation,intonation and phrasing,alibis and excuses,color and imagery,hate and blame,progress and liberalism,disdain and indifference,spirit and gaiety,endearments and caresses,flight and terror,letters and magazines,women and men,black and white,night and day,girls and boys,left and right,male and female,mr. and mrs.,mother and father,goods and services,north and south,research and development,time and place,life and death,sisters and brothers,husband and wife,bread and butter
speed and firepower,gloom and foreboding,education and industrialization,commercialism and materialism,abasement and humiliation,intonation and phrasing,excuses and alibis,color and imagery,blame and hate,liberalism and progress,disdain and indifference,gaiety and spirit,caresses and endearments,flight and terror,magazines and letters,women and men,black and white,night and day,girls and boys,right and left,male and female,mr. and mrs.,father and mother,goods and services,north and south,research and development,time and place,life and death,sisters and brothers,husband and wife,bread and butter
speed and firepower,gloom and foreboding,education and industrialization,commercialism and materialism,abasement and humiliation,intonation and phrasing,excuses and alibis,color and imagery,hate and blame,progress and liberalism,disdain and indifference,gaiety and spirit,endearments and caresses,flight and terror,letters and magazines,women and men,black and white,night and day,boys and girls,left and right,female and male,mr. and mrs.,father and mother,goods and services,north and south,research and development,time and place,life and death,sisters and brothers,husband and wife,bread and butter
speed and firepower,gloom and foreboding,education and industrialization,commercialism and materialism,abasement and humiliation,intonation and phrasing,excuses and alibis,imagery and color,hate and blame,liberalism and progress,disdain and indifference,gaiety and spirit,endearments and caresses,flight and terror,letters and magazines,men and women,black and white,night and day,boys and girls,right and left,male and female,mr. and mrs.,mother and father,goods and services,north and south,research and development,time and place,life and death,sisters and brothers,husband and wife,bread and butter
speed and firepower,gloom and foreboding,education and industrialization,commercialism and materialism,abasement and humiliation,intonation and phrasing,excuses and alibis,color and imagery,hate and blame,progress and liberalism,disdain and indifference,gaiety and spirit,endearments and caresses,flight and terror,letters and magazines,men and women,black and white,night and day,boys and girls,right and left,male and female,mr. and mrs.,father and mother,goods and services,north and south,research and development,time and place,life and death,brothers and sisters,husband and wife,bread and butter
speed and firepower,gloom and foreboding,education and industrialization,commercialism and materialism,abasement and humiliation,intonation and phrasing,excuses and alibis,imagery and color,hate and blame,progress and liberalism,disdain and indifference,gaiety and spirit,endearments and caresses,flight and terror,letters and magazines,men and women,black and white,night and day,boys and girls,left and right,male and female,mr. and mrs.,father and mother,goods and services,north and south,research and development,time and place,life and death,brothers and sisters,husband and wife,bread and butter
firepower and speed,gloom and foreboding,education and industrialization,materialism and commercialism,abasement and humiliation,intonation and phrasing,excuses and alibis,imagery and color,hate and blame,liberalism and progress,indifference and disdain,gaiety and spirit,endearments and caresses,flight and terror,magazines and letters,women and men,black and white,night and day,boys and girls,left and right,male and female,mr. and mrs.,father and mother,goods and services,north and south,research and development,time and place,life and death,brothers and sisters,husband and wife,bread and butter
speed and firepower,gloom and foreboding,education and industrialization,commercialism and materialism,abasement and humiliation,intonation and phrasing,excuses and alibis,imagery and color,hate and blame,progress and liberalism,disdain and indifference,gaiety and spirit,endearments and caresses,flight and terror,letters and magazines,men and women,black and white,night and day,boys and girls,right and left,female and male,mr. and mrs.,father and mother,goods and services,north and south,research and development,time and place,life and death,brothers and sisters,husband and wife,bread and butter
speed and firepower,gloom and foreboding,education and industrialization,materialism and commercialism,abasement and humiliation,intonation and phrasing,excuses and alibis,color and imagery,hate and blame,progress and liberalism,disdain and indifference,gaiety and spirit,caresses and endearments,flight and terror,magazines and letters,men and women,black and white,night and day,girls and boys,left and right,male and female,mr. and mrs.,mother and father,goods and services,north and south,research and development,time and place,life and death,brothers and sisters,husband and wife,bread and butter
firepower and speed,gloom and foreboding,education and industrialization,materialism and commercialism,abasement and humiliation,intonation and phrasing,excuses and alibis,color and imagery,hate and blame,progress and liberalism,disdain and indifference,gaiety and spirit,caresses and endearments,flight and terror,magazines and letters,men and women,black and white,night and day,girls and boys,left and right,male and female,mr. and mrs.,father and mother,goods and services,north and south,research and development,time and place,life and death,sisters and brothers,husband and wife,bread and butter
firepower and speed,gloom and foreboding,education and industrialization,commercialism and materialism,abasement and humiliation,intonation and phrasing,alibis and excuses,color and imagery,blame and hate,progress and liberalism,disdain and indifference,gaiety and spirit,endearments and caresses,flight and terror,letters and magazines,men and women,black and white,night and day,girls and boys,left and right,male and female,mr. and mrs.,father and mother,goods and services,north and south,research and development,time and place,life and death,sisters and brothers,husband and wife,bread and butter
firepower and speed,gloom and foreboding,education and industrialization,commercialism and materialism,abasement and humiliation,intonation and phrasing,excuses and alibis,imagery and color,hate and blame,progress and liberalism,disdain and indifference,gaiety and spirit,endearments and caresses,flight and terror,letters and magazines,men and women,black and white,night and day,girls and boys,left and right,male and female,mr. and mrs.,mother and father,goods and services,north and south,research and development,time and place,life and death,sisters and brothers,husband and wife,bread and butter
firepower and speed,gloom and foreboding,education and industrialization,materialism and commercialism,abasement and humiliation,intonation and phrasing,excuses and alibis,imagery and color,hate and blame,progress and liberalism,disdain and indifference,gaiety and spirit,caresses and endearments,flight and terror,letters and magazines,women and men,black and white,night and day,girls and boys,right and left,male and female,mr. and mrs.,mother and father,goods and services,north and south,research and development,time and place,life and death,brothers and sisters,husband and wife,bread and butter
firepower and speed,gloom and foreboding,education and industrialization,commercialism and materialism,abasement and humiliation,intonation and phrasing,excuses and alibis,imagery and color,blame and hate,liberalism and progress,disdain and indifference,spirit and gaiety,endearments and caresses,flight and terror,magazines and letters,women and men,black and white,night and day,girls and boys,left and right,male and female,mr. and mrs.,father and mother,goods and services,north and south,research and development,time and place,life and death,sisters and brothers,husband and wife,bread and butter
speed and firepower,gloom and foreboding,education and industrialization,commercialism and materialism,abasement and humiliation,intonation and phrasing,excuses and alibis,imagery and color,hate and blame,progress and liberalism,disdain and indifference,gaiety and spirit,caresses and endearments,flight and terror,magazines and letters,men and women,black and white,night and day,boys and girls,right and left,male and female,mr. and mrs.,mother and father,goods and services,north and south,research and development,time and place,life and death,sisters and brothers,husband and wife,bread and butter
firepower and speed,gloom and foreboding,education and industrialization,materialism and commercialism,abasement and humiliation,intonation and phrasing,alibis and excuses,imagery and color,hate and blame,liberalism and progress,disdain and indifference,gaiety and spirit,endearments and caresses,flight and terror,letters and magazines,women and men,black and white,night and day,girls and boys,left and right,female and male,mr. and mrs.,father and mother,goods and services,north and south,research and development,time and place,life and death,brothers and sisters,husband and wife,bread and butter
firepower and speed,gloom and foreboding,education and industrialization,materialism and commercialism,abasement and humiliation,intonation and phrasing,excuses and alibis,imagery and color,hate and blame,progress and liberalism,disdain and indifference,gaiety and spirit,caresses and endearments,flight and terror,letters and magazines,women and men,black and white,night and day,girls and boys,right and left,male and female,mr. and mrs.,father and mother,goods and services,north and south,research and development,time and place,life and death,sisters and brothers,husband and wife,bread and butter
speed and firepower,gloom and foreboding,education and industrialization,commercialism and materialism,abasement and humiliation,intonation and phrasing,excuses and alibis,imagery and color,hate and blame,liberalism and progress,disdain and indifference,gaiety and spirit,caresses and endearments,flight and terror,magazines and letters,men and women,black and white,night and day,boys and girls,left and right,male and female,mr. and mrs.,father and mother,goods and services,north and south,research and development,time and place,life and death,brothers and sisters,wife and husband,bread and butter
speed and firepower,gloom and foreboding,education and industrialization,commercialism and materialism,abasement and humiliation,intonation and phrasing,excuses and alibis,imagery and color,hate and blame,liberalism and progress,disdain and indifference,gaiety and spirit,caresses and endearments,flight and terror,magazines and letters,women and men,black and white,night and day,girls and boys,right and left,female and male,mr. and mrs.,father and mother,goods and services,north and south,research and development,time and place,life and death,brothers and sisters,husband and wife,bread and butter
firepower and speed,gloom and foreboding,education and industrialization,commercialism and materialism,abasement and humiliation,intonation and phrasing,excuses and alibis,color and imagery,hate and blame,progress and liberalism,indifference and disdain,gaiety and spirit,endearments and caresses,flight and terror,letters and magazines,men and women,black and white,night and day,boys and girls,left and right,female and male,mr. and mrs.,mother and father,goods and services,north and south,research and development,time and place,life and death,brothers and sisters,husband and wife,bread and butter
firepower and speed,gloom and foreboding,education and industrialization,commercialism and materialism,abasement and humiliation,intonation and phrasing,alibis and excuses,imagery and color,blame and hate,liberalism and progress,disdain and indifference,gaiety and spirit,caresses and endearments,flight and terror,letters and magazines,women and men,black and white,night and day,boys and girls,left and right,male and female,mr. and mrs.,mother and father,goods and services,north and south,research and development,time and place,life and death,brothers and sisters,husband and wife,bread and butter
speed and firepower,gloom and foreboding,education and industrialization,materialism and commercialism,abasement and humiliation,intonation and phrasing,excuses and alibis,color and imagery,hate and blame,liberalism and progress,disdain and indifference,spirit and gaiety,caresses and endearments,flight and terror,letters and magazines,women and men,black and white,night and day,boys and girls,left and right,male and female,mr. and mrs.,father and mother,goods and services,north and south,research and development,time and place,life and death,sisters and brothers,husband and wife,bread and butter
speed and firepower,gloom and foreboding,education and industrialization,materialism and commercialism,abasement and humiliation,intonation and phrasing,alibis and excuses,color and imagery,hate and blame,progress and liberalism,disdain and indifference,gaiety and spirit,endearments and caresses,flight and terror,magazines and letters,men and women,black and white,night and day,boys and girls,right and left,female and male,mr. and mrs.,father and mother,goods and services,north and south,research and development,time and place,life and death,brothers and sisters,husband and wife,bread and butter
speed and firepower,gloom and foreboding,education and industrialization,commercialism and materialism,abasement and humiliation,intonation and phrasing,excuses and alibis,color and imagery,hate and blame,progress and liberalism,indifference and disdain,spirit and gaiety,endearments and caresses,flight and terror,magazines and letters,men and women,black and white,night and day,girls and boys,left and right,male and female,mr. and mrs.,mother and father,goods and services,north and south,research and development,time and place,life and death,sisters and brothers,husband and wife,bread and butter
speed and firepower,gloom and foreboding,education and industrialization,commercialism and materialism,abasement and humiliation,intonation and phrasing,excuses and alibis,color and imagery,hate and blame,progress and liberalism,disdain and indifference,gaiety and spirit,caresses and endearments,flight and terror,magazines and letters,women and men,black and white,night and day,girls and boys,right and left,male and female,mr. and mrs.,mother and father,goods and services,north and south,research and development,time and place,life and death,brothers and sisters,husband and wife,bread and butter
speed and firepower,gloom and foreboding,education and industrialization,materialism and commercialism,abasement and humiliation,intonation and phrasing,excuses and alibis,imagery and color,blame and hate,progress and liberalism,disdain and indifference,spirit and gaiety,endearments and caresses,flight and terror,letters and magazines,men and women,black and white,night and day,girls and boys,right and left,male and female,mr. and mrs.,mother and father,goods and services,north and south,research and development,time and place,life and death,brothers and sisters,husband and wife,bread and butter
speed and firepower,gloom and foreboding,education and industrialization,materialism and commercialism,abasement and humiliation,intonation and phrasing,alibis and excuses,imagery and color,blame and hate,liberalism and progress,indifference and disdain,gaiety and spirit,endearments and caresses,flight and terror,letters and magazines,women and men,black and white,night and day,boys and girls,left and right,male and female,mr. and mrs.,father and mother,goods and services,north and south,research and development,time and place,life and death,brothers and sisters,husband and wife,bread and butter
speed and firepower,gloom and foreboding,education and industrialization,materialism and commercialism,abasement and humiliation,intonation and phrasing,alibis and excuses,color and imagery,hate and blame,liberalism and progress,disdain and indifference,spirit and gaiety,endearments and caresses,flight and terror,magazines and letters,women and men,black and white,night and day,girls and boys,left and right,male and female,mr. and mrs.,mother and father,goods and services,north and south,research and development,time and place,life and death,sisters and brothers,husband and wife,bread and butter
speed and firepower,gloom and foreboding,education and industrialization,materialism and commercialism,abasement and humiliation,intonation and phrasing,excuses and alibis,color and imagery,hate and blame,liberalism and progress,disdain and indifference,spirit and gaiety,endearments and caresses,flight and terror,letters and magazines,women and men,black and white,night and day,girls and boys,left and right,female and male,mr. and mrs.,mother and father,goods and services,north and south,research and development,time and place,life and death,sisters and brothers,husband and wife,bread and butter
speed and firepower,gloom and foreboding,education and industrialization,commercialism and materialism,abasement and humiliation,intonation and phrasing,excuses and alibis,imagery and color,hate and blame,progress and liberalism,disdain and indifference,spirit and gaiety,endearments and caresses,flight and terror,magazines and letters,women and men,black and white,night and day,boys and girls,right and left,male and female,mr. and mrs.,father and mother,goods and services,north and south,research and development,time and place,life and death,brothers and sisters,husband and wife,bread and butter
speed and firepower,gloom and foreboding,industrialization and education,materialism and commercialism,abasement and humiliation,intonation and phrasing,excuses and alibis,imagery and color,hate and blame,liberalism and progress,disdain and indifference,gaiety and spirit,endearments and caresses,flight and terror,magazines and letters,men and women,black and white,night and day,girls and boys,right and left,female and male,mr. and mrs.,mother and father,goods and services,north and south,research and development,time and place,life and death,brothers and sisters,husband and wife,bread and butter
speed and firepower,gloom and foreboding,industrialization and education,materialism and commercialism,abasement and humiliation,intonation and phrasing,excuses and alibis,imagery and color,blame and hate,progress and liberalism,disdain and indifference,gaiety and spirit,endearments and caresses,flight and terror,letters and magazines,men and women,black and white,night and day,girls and boys,left and right,male and female,mr. and mrs.,father and mother,goods and services,north and south,research and development,time and place,life and death,brothers and sisters,husband and wife,bread and butter
speed and firepower,gloom and foreboding,education and industrialization,materialism and commercialism,abasement and humiliation,intonation and phrasing,excuses and alibis,color and imagery,hate and blame,liberalism and progress,disdain and indifference,spirit and gaiety,endearments and caresses,flight and terror,letters and magazines,women and men,black and white,night and day,girls and boys,left and right,male and female,mr. and mrs.,mother and father,goods and services,north and south,research and development,time and place,life and death,sisters and brothers,husband and wife,bread and butter
speed and firepower,gloom and foreboding,education and industrialization,materialism and commercialism,abasement and humiliation,intonation and phrasing,excuses and alibis,imagery and color,hate and blame,progress and liberalism,disdain and indifference,spirit and gaiety,caresses and endearments,flight and terror,magazines and letters,women and men,black and white,night and day,girls and boys,right and left,male and female,mr. and mrs.,mother and father,goods and services,north and south,research and development,time and place,life and death,sisters and brothers,husband and wife,bread and butter
