0 ,1 ,2 ,3 ,4 ,5 ,6 ,7 ,8 ,9 ,10,11,12,13,14,15,16,17,18,19,20,21,22,23,24,25,26,27,28,29,30
speed and firepower,gloom and foreboding,education and industrialization,materialism and commercialism,humiliation and abasement,phrasing and intonation,excuses and alibis,color and imagery,hate and blame,progress and liberalism,indifference and disdain,spirit and gaiety,endearments and caresses,terror and flight,magazines and letters,men and women,black and white,day and night,boys and girls,left and right,male and female,mr. and mrs.,mother and father,goods and services,north and south,research and development,time and place,life and death,brothers and sisters,husband and wife,bread and butter
speed and firepower,gloom and foreboding,education and industrialization,materialism and commercialism,humiliation and abasement,phrasing and intonation,excuses and alibis,color and imagery,hate and blame,progress and liberalism,indifference and disdain,spirit and gaiety,endearments and caresses,terror and flight,magazines and letters,men and women,black and white,day and night,boys and girls,left and right,male and female,mrs. and mr.,mother and father,goods and services,north and south,research and development,time and place,life and death,brothers and sisters,husband and wife,bread and butter
speed and firepower,gloom and foreboding,education and industrialization,materialism and commercialism,humiliation and abasement,phrasing and intonation,excuses and alibis,color and imagery,hate and blame,progress and liberalism,disdain and indifference,spirit and gaiety,endearments and caresses,terror and flight,magazines and letters,men and women,black and white,day and night,boys and girls,left and right,male and female,mr. and mrs.,mother and father,goods and services,north and south,research and development,time and place,life and death,brothers and sisters,husband and wife,bread and butter
speed and firepower,gloom and foreboding,education and industrialization,materialism and commercialism,humiliation and abasement,phrasing and intonation,excuses and alibis,color and imagery,hate and blame,progress and liberalism,disdain and indifference,spirit and gaiety,endearments and caresses,terror and flight,magazines and letters,men and women,black and white,day and night,boys and girls,left and right,male and female,mr. and mrs.,mother and father,goods and services,north and south,research and development,time and place,life and death,brothers and sisters,husband and wife,bread and butter
speed and firepower,gloom and foreboding,education and industrialization,materialism and commercialism,humiliation and abasement,phrasing and intonation,excuses and alibis,color and imagery,hate and blame,progress and liberalism,indifference and disdain,spirit and gaiety,endearments and caresses,terror and flight,magazines and letters,men and women,black and white,day and night,boys and girls,left and right,male and female,mr. and mrs.,mother and father,goods and services,north and south,research and development,time and place,life and death,brothers and sisters,husband and wife,bread and butter
speed and firepower,gloom and foreboding,education and industrialization,materialism and commercialism,humiliation and abasement,phrasing and intonation,excuses and alibis,color and imagery,hate and blame,progress and liberalism,indifference and disdain,spirit and gaiety,endearments and caresses,terror and flight,magazines and letters,men and women,black and white,day and night,boys and girls,left and right,male and female,mr. and mrs.,mother and father,goods and services,north and south,research and development,time and place,life and death,brothers and sisters,husband and wife,bread and butter
speed and firepower,gloom and foreboding,education and industrialization,materialism and commercialism,humiliation and abasement,phrasing and intonation,excuses and alibis,color and imagery,hate and blame,progress and liberalism,indifference and disdain,spirit and gaiety,endearments and caresses,terror and flight,magazines and letters,men and women,black and white,day and night,boys and girls,left and right,male and female,mrs. and mr.,mother and father,goods and services,north and south,research and development,time and place,life and death,brothers and sisters,husband and wife,bread and butter
speed and firepower,gloom and foreboding,education and industrialization,materialism and commercialism,humiliation and abasement,phrasing and intonation,excuses and alibis,color and imagery,hate and blame,progress and liberalism,indifference and disdain,spirit and gaiety,endearments and caresses,terror and flight,magazines and letters,men and women,black and white,day and night,boys and girls,left and right,male and female,mr. and mrs.,mother and father,goods and services,north and south,research and development,time and place,life and death,brothers and sisters,husband and wife,bread and butter
speed and firepower,gloom and foreboding,education and industrialization,materialism and commercialism,humiliation and abasement,phrasing and intonation,excuses and alibis,color and imagery,hate and blame,progress and liberalism,indifference and disdain,spirit and gaiety,endearments and caresses,terror and flight,magazines and letters,men and women,black and white,day and night,boys and girls,left and right,male and female,mr. and mrs.,mother and father,goods and services,north and south,research and development,time and place,life and death,brothers and sisters,husband and wife,bread and butter
speed and firepower,gloom and foreboding,education and industrialization,materialism and commercialism,humiliation and abasement,phrasing and intonation,excuses and alibis,color and imagery,hate and blame,progress and liberalism,indifference and disdain,spirit and gaiety,endearments and caresses,terror and flight,magazines and letters,men and women,black and white,day and night,boys and girls,left and right,male and female,mr. and mrs.,mother and father,goods and services,north and south,research and development,time and place,life and death,brothers and sisters,husband and wife,bread and butter
speed and firepower,gloom and foreboding,education and industrialization,materialism and commercialism,humiliation and abasement,phrasing and intonation,excuses and alibis,color and imagery,hate and blame,progress and liberalism,indifference and disdain,spirit and gaiety,endearments and caresses,terror and flight,magazines and letters,men and women,black and white,day and night,boys and girls,left and right,male and female,mr. and mrs.,father and mother,goods and services,north and south,research and development,time and place,life and death,brothers and sisters,husband and wife,bread and butter
speed and firepower,gloom and foreboding,education and industrialization,materialism and commercialism,humiliation and abasement,phrasing and intonation,excuses and alibis,color and imagery,hate and blame,progress and liberalism,indifference and disdain,spirit and gaiety,endearments and caresses,terror and flight,magazines and letters,men and women,black and white,day and night,boys and girls,left and right,male and female,mr. and mrs.,mother and father,goods and services,north and south,research and development,time and place,life and death,brothers and sisters,husband and wife,bread and butter
speed and firepower,gloom and foreboding,education and industrialization,materialism and commercialism,humiliation and abasement,phrasing and intonation,excuses and alibis,color and imagery,hate and blame,progress and liberalism,disdain and indifference,spirit and gaiety,endearments and caresses,terror and flight,magazines and letters,men and women,black and white,day and night,boys and girls,left and right,male and female,mr. and mrs.,mother and father,goods and services,north and south,research and development,time and place,life and death,brothers and sisters,husband and wife,bread and butter
speed and firepower,gloom and foreboding,education and industrialization,materialism and commercialism,humiliation and abasement,phrasing and intonation,excuses and alibis,color and imagery,hate and blame,progress and liberalism,indifference and disdain,spirit and gaiety,endearments and caresses,terror and flight,magazines and letters,men and women,black and white,day and night,boys and girls,left and right,male and female,mr. and mrs.,mother and father,goods and services,north and south,research and development,time and place,life and death,brothers and sisters,husband and wife,bread and butter
speed and firepower,gloom and foreboding,education and industrialization,materialism and commercialism,humiliation and abasement,phrasing and intonation,excuses and alibis,color and imagery,hate and blame,progress and liberalism,disdain and indifference,spirit and gaiety,endearments and caresses,terror and flight,magazines and letters,men and women,black and white,day and night,boys and girls,left and right,male and female,mr. and mrs.,father and mother,goods and services,north and south,research and development,time and place,life and death,brothers and sisters,husband and wife,bread and butter
speed and firepower,gloom and foreboding,education and industrialization,materialism and commercialism,humiliation and abasement,phrasing and intonation,excuses and alibis,color and imagery,hate and blame,progress and liberalism,disdain and indifference,spirit and gaiety,endearments and caresses,terror and flight,magazines and letters,men and women,black and white,day and night,boys and girls,left and right,male and female,mr. and mrs.,mother and father,goods and services,north and south,research and development,time and place,life and death,brothers and sisters,husband and wife,bread and butter
speed and firepower,gloom and foreboding,education and industrialization,materialism and commercialism,humiliation and abasement,phrasing and intonation,excuses and alibis,color and imagery,hate and blame,progress and liberalism,indifference and disdain,spirit and gaiety,endearments and caresses,terror and flight,magazines and letters,men and women,black and white,day and night,boys and girls,left and right,male and female,mr. and mrs.,mother and father,goods and services,north and south,research and development,time and place,life and death,brothers and sisters,husband and wife,bread and butter
speed and firepower,gloom and foreboding,education and industrialization,materialism and commercialism,humiliation and abasement,phrasing and intonation,excuses and alibis,color and imagery,hate and blame,progress and liberalism,disdain and indifference,spirit and gaiety,endearments and caresses,terror and flight,magazines and letters,men and women,black and white,day and night,boys and girls,left and right,male and female,mr. and mrs.,mother and father,goods and services,north and south,research and development,time and place,life and death,brothers and sisters,husband and wife,bread and butter
speed and firepower,gloom and foreboding,education and industrialization,materialism and commercialism,humiliation and abasement,phrasing and intonation,excuses and alibis,color and imagery,hate and blame,progress and liberalism,indifference and disdain,spirit and gaiety,endearments and caresses,terror and flight,magazines and letters,men and women,black and white,day and night,boys and girls,left and right,male and female,mr. and mrs.,mother and father,goods and services,north and south,research and development,time and place,life and death,brothers and sisters,husband and wife,bread and butter
speed and firepower,gloom and foreboding,education and industrialization,materialism and commercialism,humiliation and abasement,phrasing and intonation,excuses and alibis,color and imagery,hate and blame,progress and liberalism,disdain and indifference,spirit and gaiety,endearments and caresses,terror and flight,magazines and letters,men and women,black and white,day and night,boys and girls,left and right,male and female,mr. and mrs.,mother and father,goods and services,north and south,research and development,time and place,life and death,brothers and sisters,husband and wife,bread and butter
speed and firepower,gloom and foreboding,education and industrialization,materialism and commercialism,humiliation and abasement,phrasing and intonation,excuses and alibis,color and imagery,hate and blame,progress and liberalism,indifference and disdain,spirit and gaiety,endearments and caresses,terror and flight,magazines and letters,men and women,black and white,day and night,boys and girls,left and right,male and female,mr. and mrs.,mother and father,goods and services,north and south,research and development,time and place,life and death,brothers and sisters,husband and wife,bread and butter
speed and firepower,gloom and foreboding,education and industrialization,materialism and commercialism,humiliation and abasement,phrasing and intonation,excuses and alibis,color and imagery,hate and blame,progress and liberalism,indifference and disdain,spirit and gaiety,endearments and caresses,terror and flight,magazines and letters,men and women,black and white,day and night,boys and girls,left and right,male and female,mr. and mrs.,mother and father,goods and services,north and south,research and development,time and place,life and death,brothers and sisters,husband and wife,bread and butter
speed and firepower,gloom and foreboding,education and industrialization,materialism and commercialism,humiliation and abasement,phrasing and intonation,excuses and alibis,color and imagery,hate and blame,progress and liberalism,disdain and indifference,spirit and gaiety,endearments and caresses,terror and flight,magazines and letters,men and women,black and white,day and night,boys and girls,left and right,male and female,mr. and mrs.,father and mother,goods and services,north and south,research and development,time and place,life and death,brothers and sisters,husband and wife,bread and butter
speed and firepower,gloom and foreboding,education and industrialization,materialism and commercialism,humiliation and abasement,phrasing and intonation,excuses and alibis,color and imagery,hate and blame,progress and liberalism,disdain and indifference,spirit and gaiety,endearments and caresses,terror and flight,magazines and letters,men and women,black and white,day and night,boys and girls,left and right,male and female,mr. and mrs.,mother and father,goods and services,north and south,research and development,time and place,life and death,brothers and sisters,husband and wife,bread and butter
speed and firepower,gloom and foreboding,education and industrialization,materialism and commercialism,humiliation and abasement,phrasing and intonation,excuses and alibis,color and imagery,hate and blame,progress and liberalism,indifference and disdain,spirit and gaiety,endearments and caresses,terror and flight,magazines and letters,men and women,black and white,day and night,boys and girls,left and right,male and female,mr. and mrs.,mother and father,goods and services,north and south,research and development,time and place,life and death,brothers and sisters,husband and wife,bread and butter
speed and firepower,gloom and foreboding,education and industrialization,materialism and commercialism,humiliation and abasement,phrasing and intonation,excuses and alibis,color and imagery,hate and blame,progress and liberalism,indifference and disdain,spirit and gaiety,endearments and caresses,terror and flight,magazines and letters,men and women,black and white,day and night,boys and girls,left and right,male and female,mr. and mrs.,father and mother,goods and services,north and south,research and development,time and place,life and death,brothers and sisters,husband and wife,bread and butter
speed and firepower,gloom and foreboding,education and industrialization,materialism and commercialism,humiliation and abasement,phrasing and intonation,excuses and alibis,color and imagery,hate and blame,progress and liberalism,indifference and disdain,spirit and gaiety,endearments and caresses,terror and flight,magazines and letters,men and women,black and white,day and night,boys and girls,left and right,male and female,mr. and mrs.,mother and father,goods and services,north and south,research and development,time and place,life and death,brothers and sisters,husband and wife,bread and butter
speed and firepower,gloom and foreboding,education and industrialization,materialism and commercialism,humiliation and abasement,phrasing and intonation,excuses and alibis,color and imagery,hate and blame,progress and liberalism,indifference and disdain,spirit and gaiety,endearments and caresses,terror and flight,magazines and letters,men and women,black and white,day and night,boys and girls,left and right,male and female,mr. and mrs.,mother and father,goods and services,north and south,research and development,time and place,life and death,brothers and sisters,husband and wife,bread and butter
speed and firepower,gloom and foreboding,education and industrialization,materialism and commercialism,humiliation and abasement,phrasing and intonation,excuses and alibis,color and imagery,hate and blame,progress and liberalism,disdain and indifference,spirit and gaiety,endearments and caresses,terror and flight,magazines and letters,men and women,black and white,day and night,boys and girls,left and right,male and female,mr. and mrs.,mother and father,goods and services,north and south,research and development,time and place,life and death,brothers and sisters,husband and wife,bread and butter
speed and firepower,gloom and foreboding,education and industrialization,materialism and commercialism,humiliation and abasement,phrasing and intonation,excuses and alibis,color and imagery,hate and blame,progress and liberalism,disdain and indifference,spirit and gaiety,endearments and caresses,terror and flight,magazines and letters,men and women,black and white,day and night,boys and girls,left and right,male and female,mr. and mrs.,mother and father,goods and services,north and south,research and development,time and place,life and death,brothers and sisters,husband and wife,bread and butter
speed and firepower,gloom and foreboding,education and industrialization,materialism and commercialism,humiliation and abasement,phrasing and intonation,excuses and alibis,color and imagery,hate and blame,progress and liberalism,indifference and disdain,spirit and gaiety,endearments and caresses,terror and flight,magazines and letters,men and women,black and white,day and night,boys and girls,left and right,male and female,mr. and mrs.,mother and father,goods and services,north and south,research and development,time and place,life and death,brothers and sisters,husband and wife,bread and butter
speed and firepower,gloom and foreboding,education and industrialization,materialism and commercialism,humiliation and abasement,phrasing and intonation,excuses and alibis,color and imagery,hate and blame,progress and liberalism,indifference and disdain,spirit and gaiety,endearments and caresses,terror and flight,magazines and letters,men and women,black and white,day and night,boys and girls,left and right,male and female,mr. and mrs.,mother and father,goods and services,north and south,research and development,time and place,life and death,brothers and sisters,husband and wife,bread and butter
speed and firepower,gloom and foreboding,education and industrialization,materialism and commercialism,humiliation and abasement,phrasing and intonation,excuses and alibis,color and imagery,hate and blame,progress and liberalism,disdain and indifference,spirit and gaiety,endearments and caresses,terror and flight,magazines and letters,men and women,black and white,day and night,boys and girls,left and right,male and female,mr. and mrs.,mother and father,goods and services,north and south,research and development,time and place,life and death,brothers and sisters,husband and wife,bread and butter
speed and firepower,gloom and foreboding,education and industrialization,materialism and commercialism,humiliation and abasement,phrasing and intonation,excuses and alibis,color and imagery,hate and blame,progress and liberalism,indifference and disdain,spirit and gaiety,endearments and caresses,terror and flight,magazines and letters,men and women,black and white,day and night,boys and girls,left and right,male and female,mr. and mrs.,mother and father,goods and services,north and south,research and development,time and place,life and death,brothers and sisters,husband and wife,bread and butter
speed and firepower,gloom and foreboding,education and industrialization,materialism and commercialism,humiliation and abasement,phrasing and intonation,excuses and alibis,color and imagery,hate and blame,progress and liberalism,indifference and disdain,spirit and gaiety,endearments and caresses,terror and flight,magazines and letters,men and women,black and white,day and night,boys and girls,left and right,male and female,mrs. and mr.,mother and father,goods and services,north and south,research and development,time and place,life and death,brothers and sisters,husband and wife,bread and butter
speed and firepower,gloom and foreboding,education and industrialization,materialism and commercialism,humiliation and abasement,phrasing and intonation,excuses and alibis,color and imagery,hate and blame,progress and liberalism,indifference and disdain,spirit and gaiety,endearments and caresses,terror and flight,magazines and letters,men and women,black and white,day and night,boys and girls,left and right,male and female,mrs. and mr.,mother and father,goods and services,north and south,research and development,time and place,life and death,brothers and sisters,husband and wife,bread and butter
speed and firepower,gloom and foreboding,education and industrialization,materialism and commercialism,humiliation and abasement,phrasing and intonation,excuses and alibis,color and imagery,hate and blame,progress and liberalism,disdain and indifference,spirit and gaiety,endearments and caresses,terror and flight,magazines and letters,men and women,black and white,day and night,boys and girls,left and right,male and female,mr. and mrs.,mother and father,goods and services,north and south,research and development,time and place,life and death,brothers and sisters,husband and wife,bread and butter
speed and firepower,gloom and foreboding,education and industrialization,materialism and commercialism,humiliation and abasement,phrasing and intonation,excuses and alibis,color and imagery,hate and blame,progress and liberalism,indifference and disdain,spirit and gaiety,endearments and caresses,terror and flight,magazines and letters,men and women,black and white,day and night,boys and girls,left and right,male and female,mr. and mrs.,mother and father,goods and services,north and south,research and development,time and place,life and death,brothers and sisters,husband and wife,bread and butter
speed and firepower,gloom and foreboding,education and industrialization,materialism and commercialism,humiliation and abasement,phrasing and intonation,excuses and alibis,color and imagery,hate and blame,progress and liberalism,indifference and disdain,spirit and gaiety,endearments and caresses,terror and flight,magazines and letters,men and women,black and white,day and night,boys and girls,left and right,male and female,mr. and mrs.,mother and father,goods and services,north and south,research and development,time and place,life and death,brothers and sisters,husband and wife,bread and butter
speed and firepower,gloom and foreboding,education and industrialization,materialism and commercialism,humiliation and abasement,phrasing and intonation,excuses and alibis,color and imagery,hate and blame,progress and liberalism,disdain and indifference,spirit and gaiety,endearments and caresses,terror and flight,magazines and letters,men and women,black and white,day and night,boys and girls,left and right,male and female,mr. and mrs.,mother and father,goods and services,north and south,research and development,time and place,life and death,brothers and sisters,husband and wife,bread and butter
speed and firepower,gloom and foreboding,education and industrialization,materialism and commercialism,humiliation and abasement,phrasing and intonation,excuses and alibis,color and imagery,hate and blame,progress and liberalism,indifference and disdain,spirit and gaiety,endearments and caresses,terror and flight,magazines and letters,men and women,black and white,day and night,boys and girls,left and right,male and female,mr. and mrs.,mother and father,goods and services,north and south,research and development,time and place,life and death,brothers and sisters,husband and wife,bread and butter
speed and firepower,gloom and foreboding,education and industrialization,materialism and commercialism,humiliation and abasement,phrasing and intonation,excuses and alibis,color and imagery,hate and blame,progress and liberalism,disdain and indifference,spirit and gaiety,endearments and caresses,terror and flight,magazines and letters,men and women,black and white,day and night,boys and girls,left and right,male and female,mr. and mrs.,mother and father,goods and services,north and south,research and development,time and place,life and death,brothers and sisters,husband and wife,bread and butter
speed and firepower,gloom and foreboding,education and industrialization,materialism and commercialism,humiliation and abasement,phrasing and intonation,excuses and alibis,color and imagery,hate and blame,progress and liberalism,indifference and disdain,spirit and gaiety,endearments and caresses,terror and flight,magazines and letters,men and women,black and white,day and night,boys and girls,left and right,male and female,mr. and mrs.,mother and father,goods and services,north and south,research and development,time and place,life and death,brothers and sisters,husband and wife,bread and butter
speed and firepower,gloom and foreboding,education and industrialization,materialism and commercialism,humiliation and abasement,phrasing and intonation,excuses and alibis,color and imagery,hate and blame,progress and liberalism,indifference and disdain,spirit and gaiety,endearments and caresses,terror and flight,magazines and letters,men and women,black and white,day and night,boys and girls,left and right,male and female,mr. and mrs.,mother and father,goods and services,north and south,research and development,time and place,life and death,brothers and sisters,husband and wife,bread and butter
speed and firepower,gloom and foreboding,education and industrialization,materialism and commercialism,humiliation and abasement,phrasing and intonation,excuses and alibis,color and imagery,hate and blame,progress and liberalism,disdain and indifference,spirit and gaiety,endearments and caresses,terror and flight,magazines and letters,men and women,black and white,day and night,boys and girls,left and right,male and female,mr. and mrs.,mother and father,goods and services,north and south,research and development,time and place,life and death,brothers and sisters,husband and wife,bread and butter
speed and firepower,gloom and foreboding,education and industrialization,materialism and commercialism,humiliation and abasement,phrasing and intonation,excuses and alibis,color and imagery,hate and blame,progress and liberalism,disdain and indifference,spirit and gaiety,endearments and caresses,terror and flight,magazines and letters,men and women,black and white,day and night,boys and girls,left and right,male and female,mr. and mrs.,mother and father,goods and services,north and south,research and development,time and place,life and death,brothers and sisters,husband and wife,bread and butter
speed and firepower,gloom and foreboding,education and industrialization,materialism and commercialism,humiliation and abasement,phrasing and intonation,excuses and alibis,color and imagery,hate and blame,progress and liberalism,indifference and disdain,spirit and gaiety,endearments and caresses,terror and flight,magazines and letters,men and women,black and white,day and night,boys and girls,left and right,male and female,Mrs. and Mr.,mother and father,goods and services,north and south,research and development,time and place,life and death,brothers and sisters,husband and wife,bread and butter
speed and firepower,gloom and foreboding,education and industrialization,materialism and commercialism,humiliation and abasement,phrasing and intonation,excuses and alibis,color and imagery,hate and blame,progress and liberalism,disdain and indifference,spirit and gaiety,endearments and caresses,terror and flight,magazines and letters,men and women,black and white,day and night,boys and girls,left and right,male and female,mrs. and mr.,mother and father,goods and services,north and south,research and development,time and place,life and death,brothers and sisters,husband and wife,bread and butter
speed and firepower,gloom and foreboding,education and industrialization,materialism and commercialism,humiliation and abasement,phrasing and intonation,excuses and alibis,color and imagery,hate and blame,progress and liberalism,disdain and indifference,spirit and gaiety,endearments and caresses,terror and flight,magazines and letters,men and women,black and white,day and night,boys and girls,left and right,male and female,mr. and mrs.,mother and father,goods and services,north and south,research and development,time and place,life and death,brothers and sisters,husband and wife,bread and butter
speed and firepower,gloom and foreboding,education and industrialization,materialism and commercialism,humiliation and abasement,phrasing and intonation,excuses and alibis,color and imagery,hate and blame,progress and liberalism,disdain and indifference,spirit and gaiety,endearments and caresses,terror and flight,magazines and letters,men and women,black and white,day and night,boys and girls,left and right,male and female,mr. and mrs.,mother and father,goods and services,north and south,research and development,time and place,life and death,brothers and sisters,husband and wife,bread and butter
speed and firepower,gloom and foreboding,education and industrialization,materialism and commercialism,humiliation and abasement,phrasing and intonation,excuses and alibis,color and imagery,hate and blame,progress and liberalism,indifference and disdain,spirit and gaiety,endearments and caresses,terror and flight,magazines and letters,men and women,black and white,day and night,boys and girls,left and right,male and female,mr. and mrs.,mother and father,goods and services,north and south,research and development,time and place,life and death,brothers and sisters,husband and wife,bread and butter
speed and firepower,gloom and foreboding,education and industrialization,materialism and commercialism,humiliation and abasement,phrasing and intonation,excuses and alibis,color and imagery,hate and blame,progress and liberalism,indifference and disdain,spirit and gaiety,endearments and caresses,terror and flight,magazines and letters,men and women,black and white,day and night,boys and girls,left and right,male and female,mr. and mrs.,mother and father,goods and services,north and south,research and development,time and place,life and death,brothers and sisters,husband and wife,bread and butter
speed and firepower,gloom and foreboding,education and industrialization,materialism and commercialism,humiliation and abasement,phrasing and intonation,excuses and alibis,color and imagery,hate and blame,progress and liberalism,indifference and disdain,spirit and gaiety,endearments and caresses,terror and flight,magazines and letters,men and women,black and white,day and night,boys and girls,left and right,male and female,mr. and mrs.,mother and father,goods and services,north and south,research and development,time and place,life and death,brothers and sisters,husband and wife,bread and butter
speed and firepower,gloom and foreboding,education and industrialization,materialism and commercialism,humiliation and abasement,phrasing and intonation,excuses and alibis,color and imagery,hate and blame,progress and liberalism,indifference and disdain,spirit and gaiety,endearments and caresses,terror and flight,magazines and letters,men and women,black and white,day and night,boys and girls,left and right,male and female,mr. and mrs.,mother and father,goods and services,north and south,research and development,time and place,life and death,brothers and sisters,husband and wife,bread and butter
speed and firepower,gloom and foreboding,education and industrialization,materialism and commercialism,humiliation and abasement,phrasing and intonation,excuses and alibis,color and imagery,hate and blame,progress and liberalism,indifference and disdain,spirit and gaiety,endearments and caresses,terror and flight,magazines and letters,men and women,black and white,day and night,boys and girls,left and right,male and female,mr. and mrs.,mother and father,goods and services,north and south,research and development,time and place,life and death,brothers and sisters,husband and wife,bread and butter
speed and firepower,gloom and foreboding,education and industrialization,materialism and commercialism,humiliation and abasement,phrasing and intonation,excuses and alibis,color and imagery,hate and blame,progress and liberalism,indifference and disdain,spirit and gaiety,endearments and caresses,terror and flight,magazines and letters,men and women,black and white,day and night,boys and girls,left and right,male and female,mrs. and mr.,mother and father,goods and services,north and south,research and development,time and place,life and death,brothers and sisters,husband and wife,bread and butter
speed and firepower,gloom and foreboding,education and industrialization,materialism and commercialism,humiliation and abasement,phrasing and intonation,excuses and alibis,color and imagery,hate and blame,progress and liberalism,indifference and disdain,spirit and gaiety,endearments and caresses,terror and flight,magazines and letters,men and women,black and white,day and night,boys and girls,left and right,male and female,Mr. and Mrs.,mother and father,goods and services,north and south,research and development,time and place,life and death,brothers and sisters,husband and wife,bread and butter
speed and firepower,gloom and foreboding,education and industrialization,materialism and commercialism,humiliation and abasement,phrasing and intonation,excuses and alibis,color and imagery,hate and blame,progress and liberalism,indifference and disdain,spirit and gaiety,endearments and caresses,terror and flight,magazines and letters,men and women,black and white,day and night,boys and girls,left and right,male and female,mr. and mrs.,mother and father,goods and services,north and south,research and development,time and place,life and death,brothers and sisters,husband and wife,bread and butter
speed and firepower,gloom and foreboding,education and industrialization,materialism and commercialism,humiliation and abasement,phrasing and intonation,excuses and alibis,color and imagery,hate and blame,progress and liberalism,indifference and disdain,spirit and gaiety,endearments and caresses,terror and flight,magazines and letters,men and women,black and white,day and night,boys and girls,left and right,male and female,mr. and mrs.,father and mother,goods and services,north and south,research and development,time and place,life and death,brothers and sisters,husband and wife,bread and butter
speed and firepower,gloom and foreboding,education and industrialization,materialism and commercialism,humiliation and abasement,phrasing and intonation,excuses and alibis,color and imagery,hate and blame,progress and liberalism,disdain and indifference,spirit and gaiety,endearments and caresses,terror and flight,magazines and letters,men and women,black and white,day and night,boys and girls,left and right,male and female,mr. and mrs.,mother and father,goods and services,north and south,research and development,time and place,life and death,brothers and sisters,husband and wife,bread and butter
speed and firepower,gloom and foreboding,education and industrialization,materialism and commercialism,humiliation and abasement,phrasing and intonation,excuses and alibis,color and imagery,hate and blame,progress and liberalism,indifference and disdain,spirit and gaiety,endearments and caresses,terror and flight,magazines and letters,men and women,black and white,day and night,boys and girls,left and right,male and female,mrs. and mr.,mother and father,goods and services,north and south,research and development,time and place,life and death,brothers and sisters,husband and wife,bread and butter
speed and firepower,gloom and foreboding,education and industrialization,materialism and commercialism,humiliation and abasement,phrasing and intonation,excuses and alibis,color and imagery,hate and blame,progress and liberalism,indifference and disdain,spirit and gaiety,endearments and caresses,terror and flight,magazines and letters,men and women,black and white,day and night,boys and girls,left and right,male and female,mr. and mrs.,mother and father,goods and services,north and south,research and development,time and place,life and death,brothers and sisters,husband and wife,bread and butter
speed and firepower,gloom and foreboding,education and industrialization,materialism and commercialism,humiliation and abasement,phrasing and intonation,excuses and alibis,color and imagery,hate and blame,progress and liberalism,disdain and indifference,spirit and gaiety,endearments and caresses,terror and flight,magazines and letters,men and women,black and white,day and night,boys and girls,left and right,male and female,mrs. and mr.,mother and father,goods and services,north and south,research and development,time and place,life and death,brothers and sisters,husband and wife,bread and butter
speed and firepower,gloom and foreboding,education and industrialization,materialism and commercialism,humiliation and abasement,phrasing and intonation,excuses and alibis,color and imagery,hate and blame,progress and liberalism,disdain and indifference,spirit and gaiety,endearments and caresses,terror and flight,magazines and letters,men and women,black and white,day and night,boys and girls,left and right,male and female,mrs. and mr.,mother and father,goods and services,north and south,research and development,time and place,life and death,brothers and sisters,husband and wife,bread and butter
speed and firepower,gloom and foreboding,education and industrialization,materialism and commercialism,humiliation and abasement,phrasing and intonation,excuses and alibis,color and imagery,hate and blame,progress and liberalism,indifference and disdain,spirit and gaiety,endearments and caresses,terror and flight,magazines and letters,men and women,black and white,day and night,boys and girls,left and right,male and female,mr. and mrs.,mother and father,goods and services,north and south,research and development,time and place,life and death,brothers and sisters,husband and wife,bread and butter
speed and firepower,gloom and foreboding,education and industrialization,materialism and commercialism,humiliation and abasement,phrasing and intonation,excuses and alibis,color and imagery,hate and blame,progress and liberalism,indifference and disdain,spirit and gaiety,endearments and caresses,terror and flight,magazines and letters,men and women,black and white,day and night,boys and girls,left and right,male and female,mr. and mrs.,mother and father,goods and services,north and south,research and development,time and place,life and death,brothers and sisters,husband and wife,bread and butter
speed and firepower,gloom and foreboding,education and industrialization,materialism and commercialism,humiliation and abasement,phrasing and intonation,excuses and alibis,color and imagery,hate and blame,progress and liberalism,disdain and indifference,spirit and gaiety,endearments and caresses,terror and flight,magazines and letters,men and women,black and white,day and night,boys and girls,left and right,male and female,mr. and mrs.,mother and father,goods and services,north and south,research and development,time and place,life and death,brothers and sisters,husband and wife,bread and butter
speed and firepower,gloom and foreboding,education and industrialization,materialism and commercialism,humiliation and abasement,phrasing and intonation,excuses and alibis,color and imagery,hate and blame,progress and liberalism,indifference and disdain,spirit and gaiety,endearments and caresses,terror and flight,magazines and letters,men and women,black and white,day and night,boys and girls,left and right,male and female,mr. and mrs.,mother and father,goods and services,north and south,research and development,time and place,life and death,brothers and sisters,husband and wife,bread and butter
speed and firepower,gloom and foreboding,education and industrialization,materialism and commercialism,humiliation and abasement,phrasing and intonation,excuses and alibis,color and imagery,hate and blame,progress and liberalism,indifference and disdain,spirit and gaiety,endearments and caresses,terror and flight,magazines and letters,men and women,black and white,day and night,boys and girls,left and right,male and female,mr. and mrs.,mother and father,goods and services,north and south,research and development,time and place,life and death,brothers and sisters,husband and wife,bread and butter
speed and firepower,gloom and foreboding,education and industrialization,materialism and commercialism,humiliation and abasement,phrasing and intonation,excuses and alibis,color and imagery,hate and blame,progress and liberalism,indifference and disdain,spirit and gaiety,endearments and caresses,terror and flight,magazines and letters,men and women,black and white,day and night,boys and girls,left and right,male and female,mrs. and mr.,mother and father,goods and services,north and south,research and development,time and place,life and death,brothers and sisters,husband and wife,bread and butter
speed and firepower,gloom and foreboding,education and industrialization,materialism and commercialism,humiliation and abasement,phrasing and intonation,excuses and alibis,color and imagery,hate and blame,progress and liberalism,disdain and indifference,spirit and gaiety,endearments and caresses,terror and flight,magazines and letters,men and women,black and white,day and night,boys and girls,left and right,male and female,mr. and mrs.,mother and father,goods and services,north and south,research and development,time and place,life and death,brothers and sisters,husband and wife,bread and butter
speed and firepower,gloom and foreboding,education and industrialization,materialism and commercialism,humiliation and abasement,phrasing and intonation,excuses and alibis,color and imagery,hate and blame,progress and liberalism,indifference and disdain,spirit and gaiety,endearments and caresses,terror and flight,magazines and letters,men and women,black and white,day and night,boys and girls,left and right,male and female,mr. and mrs.,mother and father,goods and services,north and south,research and development,time and place,life and death,brothers and sisters,husband and wife,bread and butter
speed and firepower,gloom and foreboding,education and industrialization,materialism and commercialism,humiliation and abasement,phrasing and intonation,excuses and alibis,color and imagery,hate and blame,progress and liberalism,indifference and disdain,spirit and gaiety,endearments and caresses,terror and flight,magazines and letters,men and women,black and white,day and night,boys and girls,left and right,male and female,mrs. and mr.,mother and father,goods and services,north and south,research and development,time and place,life and death,brothers and sisters,husband and wife,bread and butter
speed and firepower,gloom and foreboding,education and industrialization,materialism and commercialism,humiliation and abasement,phrasing and intonation,excuses and alibis,color and imagery,hate and blame,progress and liberalism,indifference and disdain,spirit and gaiety,endearments and caresses,terror and flight,magazines and letters,men and women,black and white,day and night,boys and girls,left and right,male and female,mrs. and mr.,mother and father,goods and services,north and south,research and development,time and place,life and death,brothers and sisters,husband and wife,bread and butter
speed and firepower,gloom and foreboding,education and industrialization,materialism and commercialism,humiliation and abasement,phrasing and intonation,excuses and alibis,color and imagery,hate and blame,progress and liberalism,indifference and disdain,spirit and gaiety,endearments and caresses,terror and flight,magazines and letters,men and women,black and white,day and night,boys and girls,left and right,male and female,mrs. and mr.,mother and father,goods and services,north and south,research and development,time and place,life and death,brothers and sisters,husband and wife,bread and butter
speed and firepower,gloom and foreboding,education and industrialization,materialism and commercialism,humiliation and abasement,phrasing and intonation,excuses and alibis,color and imagery,hate and blame,progress and liberalism,indifference and disdain,spirit and gaiety,endearments and caresses,terror and flight,magazines and letters,men and women,black and white,day and night,boys and girls,left and right,male and female,mr. and mrs.,mother and father,goods and services,north and south,research and development,time and place,life and death,brothers and sisters,husband and wife,bread and butter
speed and firepower,gloom and foreboding,education and industrialization,materialism and commercialism,humiliation and abasement,phrasing and intonation,excuses and alibis,color and imagery,hate and blame,progress and liberalism,indifference and disdain,spirit and gaiety,endearments and caresses,terror and flight,magazines and letters,men and women,black and white,day and night,boys and girls,left and right,male and female,mrs. and mr.,mother and father,goods and services,north and south,research and development,time and place,life and death,brothers and sisters,husband and wife,bread and butter
speed and firepower,gloom and foreboding,education and industrialization,materialism and commercialism,humiliation and abasement,phrasing and intonation,excuses and alibis,color and imagery,hate and blame,progress and liberalism,indifference and disdain,spirit and gaiety,endearments and caresses,terror and flight,magazines and letters,men and women,black and white,day and night,boys and girls,left and right,male and female,mr. and mrs.,mother and father,goods and services,north and south,research and development,time and place,life and death,brothers and sisters,husband and wife,bread and butter
speed and firepower,gloom and foreboding,education and industrialization,materialism and commercialism,humiliation and abasement,phrasing and intonation,excuses and alibis,color and imagery,hate and blame,progress and liberalism,indifference and disdain,spirit and gaiety,endearments and caresses,terror and flight,magazines and letters,men and women,black and white,day and night,boys and girls,left and right,male and female,mr. and mrs.,mother and father,goods and services,north and south,research and development,time and place,life and death,brothers and sisters,husband and wife,bread and butter
speed and firepower,gloom and foreboding,education and industrialization,materialism and commercialism,humiliation and abasement,phrasing and intonation,excuses and alibis,color and imagery,hate and blame,progress and liberalism,indifference and disdain,spirit and gaiety,endearments and caresses,terror and flight,magazines and letters,men and women,black and white,day and night,boys and girls,left and right,male and female,mrs. and mr.,mother and father,goods and services,north and south,research and development,time and place,life and death,brothers and sisters,husband and wife,bread and butter
speed and firepower,gloom and foreboding,education and industrialization,materialism and commercialism,humiliation and abasement,phrasing and intonation,excuses and alibis,color and imagery,hate and blame,progress and liberalism,indifference and disdain,spirit and gaiety,endearments and caresses,terror and flight,magazines and letters,men and women,black and white,day and night,boys and girls,left and right,male and female,mr. and mrs.,mother and father,goods and services,north and south,research and development,time and place,life and death,brothers and sisters,husband and wife,bread and butter
speed and firepower,gloom and foreboding,education and industrialization,materialism and commercialism,humiliation and abasement,phrasing and intonation,excuses and alibis,color and imagery,hate and blame,progress and liberalism,indifference and disdain,spirit and gaiety,endearments and caresses,terror and flight,magazines and letters,men and women,black and white,day and night,boys and girls,left and right,male and female,mr. and mrs.,mother and father,goods and services,north and south,research and development,time and place,life and death,brothers and sisters,husband and wife,bread and butter
speed and firepower,gloom and foreboding,education and industrialization,materialism and commercialism,humiliation and abasement,phrasing and intonation,excuses and alibis,color and imagery,hate and blame,progress and liberalism,indifference and disdain,spirit and gaiety,endearments and caresses,terror and flight,magazines and letters,men and women,black and white,day and night,boys and girls,left and right,male and female,mr. and mrs.,mother and father,goods and services,north and south,research and development,time and place,life and death,brothers and sisters,husband and wife,bread and butter
speed and firepower,gloom and foreboding,education and industrialization,materialism and commercialism,humiliation and abasement,phrasing and intonation,excuses and alibis,color and imagery,hate and blame,progress and liberalism,indifference and disdain,spirit and gaiety,endearments and caresses,terror and flight,magazines and letters,men and women,black and white,day and night,boys and girls,left and right,male and female,mrs. and mr.,mother and father,goods and services,north and south,research and development,time and place,life and death,brothers and sisters,husband and wife,bread and butter
speed and firepower,gloom and foreboding,education and industrialization,materialism and commercialism,humiliation and abasement,phrasing and intonation,excuses and alibis,color and imagery,hate and blame,progress and liberalism,disdain and indifference,spirit and gaiety,endearments and caresses,terror and flight,magazines and letters,men and women,black and white,day and night,boys and girls,left and right,male and female,mr. and mrs.,mother and father,goods and services,north and south,research and development,time and place,life and death,brothers and sisters,husband and wife,bread and butter
speed and firepower,gloom and foreboding,education and industrialization,materialism and commercialism,humiliation and abasement,phrasing and intonation,excuses and alibis,color and imagery,hate and blame,progress and liberalism,disdain and indifference,spirit and gaiety,endearments and caresses,terror and flight,magazines and letters,men and women,black and white,day and night,boys and girls,left and right,male and female,mr. and mrs.,mother and father,goods and services,north and south,research and development,time and place,life and death,brothers and sisters,husband and wife,bread and butter
speed and firepower,gloom and foreboding,education and industrialization,materialism and commercialism,humiliation and abasement,phrasing and intonation,excuses and alibis,color and imagery,hate and blame,progress and liberalism,disdain and indifference,spirit and gaiety,endearments and caresses,terror and flight,magazines and letters,men and women,black and white,day and night,boys and girls,left and right,male and female,mrs. and mr.,mother and father,goods and services,north and south,research and development,time and place,life and death,brothers and sisters,husband and wife,bread and butter
speed and firepower,gloom and foreboding,education and industrialization,materialism and commercialism,humiliation and abasement,phrasing and intonation,excuses and alibis,color and imagery,hate and blame,progress and liberalism,disdain and indifference,spirit and gaiety,endearments and caresses,terror and flight,magazines and letters,men and women,black and white,day and night,boys and girls,left and right,male and female,mr. and mrs.,father and mother,goods and services,north and south,research and development,time and place,life and death,brothers and sisters,husband and wife,bread and butter
speed and firepower,gloom and foreboding,education and industrialization,materialism and commercialism,humiliation and abasement,phrasing and intonation,excuses and alibis,color and imagery,hate and blame,progress and liberalism,indifference and disdain,spirit and gaiety,endearments and caresses,terror and flight,magazines and letters,men and women,black and white,day and night,boys and girls,left and right,male and female,mr. and mrs.,mother and father,goods and services,north and south,research and development,time and place,life and death,brothers and sisters,husband and wife,bread and butter
speed and firepower,gloom and foreboding,education and industrialization,materialism and commercialism,humiliation and abasement,phrasing and intonation,excuses and alibis,color and imagery,hate and blame,progress and liberalism,indifference and disdain,spirit and gaiety,endearments and caresses,terror and flight,magazines and letters,men and women,black and white,day and night,boys and girls,left and right,male and female,mr. and mrs.,mother and father,goods and services,north and south,research and development,time and place,life and death,brothers and sisters,husband and wife,bread and butter
speed and firepower,gloom and foreboding,education and industrialization,materialism and commercialism,humiliation and abasement,phrasing and intonation,excuses and alibis,color and imagery,hate and blame,progress and liberalism,disdain and indifference,spirit and gaiety,endearments and caresses,terror and flight,magazines and letters,men and women,black and white,day and night,boys and girls,left and right,male and female,mr. and mrs.,mother and father,goods and services,north and south,research and development,time and place,life and death,brothers and sisters,husband and wife,bread and butter
speed and firepower,gloom and foreboding,education and industrialization,materialism and commercialism,humiliation and abasement,phrasing and intonation,excuses and alibis,color and imagery,hate and blame,progress and liberalism,indifference and disdain,spirit and gaiety,endearments and caresses,terror and flight,magazines and letters,men and women,black and white,day and night,boys and girls,left and right,male and female,mr. and mrs.,mother and father,goods and services,north and south,research and development,time and place,life and death,brothers and sisters,husband and wife,bread and butter
speed and firepower,gloom and foreboding,education and industrialization,materialism and commercialism,humiliation and abasement,phrasing and intonation,excuses and alibis,color and imagery,hate and blame,progress and liberalism,disdain and indifference,spirit and gaiety,endearments and caresses,terror and flight,magazines and letters,men and women,black and white,day and night,boys and girls,left and right,male and female,mr. and mrs.,mother and father,goods and services,north and south,research and development,time and place,life and death,brothers and sisters,husband and wife,bread and butter
speed and firepower,gloom and foreboding,education and industrialization,materialism and commercialism,humiliation and abasement,phrasing and intonation,excuses and alibis,color and imagery,hate and blame,progress and liberalism,indifference and disdain,spirit and gaiety,endearments and caresses,terror and flight,magazines and letters,men and women,black and white,day and night,boys and girls,left and right,male and female,mr. and mrs.,mother and father,goods and services,north and south,research and development,time and place,life and death,brothers and sisters,husband and wife,bread and butter
speed and firepower,gloom and foreboding,education and industrialization,materialism and commercialism,humiliation and abasement,phrasing and intonation,excuses and alibis,color and imagery,hate and blame,progress and liberalism,indifference and disdain,spirit and gaiety,endearments and caresses,terror and flight,magazines and letters,men and women,black and white,day and night,boys and girls,left and right,male and female,mr. and mrs.,mother and father,goods and services,north and south,research and development,time and place,life and death,brothers and sisters,husband and wife,bread and butter
speed and firepower,gloom and foreboding,education and industrialization,materialism and commercialism,humiliation and abasement,phrasing and intonation,excuses and alibis,color and imagery,hate and blame,progress and liberalism,indifference and disdain,spirit and gaiety,endearments and caresses,terror and flight,magazines and letters,men and women,black and white,day and night,boys and girls,left and right,male and female,mr. and mrs.,mother and father,goods and services,north and south,research and development,time and place,life and death,brothers and sisters,husband and wife,bread and butter
speed and firepower,gloom and foreboding,education and industrialization,materialism and commercialism,humiliation and abasement,phrasing and intonation,excuses and alibis,color and imagery,hate and blame,progress and liberalism,disdain and indifference,spirit and gaiety,endearments and caresses,terror and flight,magazines and letters,men and women,black and white,day and night,boys and girls,left and right,male and female,mrs. and mr.,father and mother,goods and services,north and south,research and development,time and place,life and death,brothers and sisters,husband and wife,bread and butter
speed and firepower,gloom and foreboding,education and industrialization,materialism and commercialism,humiliation and abasement,phrasing and intonation,excuses and alibis,color and imagery,hate and blame,progress and liberalism,indifference and disdain,spirit and gaiety,endearments and caresses,terror and flight,magazines and letters,men and women,black and white,day and night,boys and girls,left and right,male and female,mr. and mrs.,mother and father,goods and services,north and south,research and development,time and place,life and death,brothers and sisters,husband and wife,bread and butter
speed and firepower,gloom and foreboding,education and industrialization,materialism and commercialism,humiliation and abasement,phrasing and intonation,excuses and alibis,color and imagery,hate and blame,progress and liberalism,disdain and indifference,spirit and gaiety,endearments and caresses,terror and flight,magazines and letters,men and women,black and white,day and night,boys and girls,left and right,male and female,mr. and mrs.,mother and father,goods and services,north and south,research and development,time and place,life and death,brothers and sisters,husband and wife,bread and butter
speed and firepower,gloom and foreboding,education and industrialization,materialism and commercialism,humiliation and abasement,phrasing and intonation,excuses and alibis,color and imagery,hate and blame,progress and liberalism,disdain and indifference,spirit and gaiety,endearments and caresses,terror and flight,magazines and letters,men and women,black and white,day and night,boys and girls,left and right,male and female,mr. and mrs.,mother and father,goods and services,north and south,research and development,time and place,life and death,brothers and sisters,husband and wife,bread and butter
